fips,year,scenario,gcm,TXx
06001,2055,ssp585,ACCESS-CM2,34.65655517578125
06003,2055,ssp585,ACCESS-CM2,39.709869384765625
06005,2055,ssp585,ACCESS-CM2,45.2414436340332
06007,2055,ssp585,ACCESS-CM2,47.51192092895508
06009,2055,ssp585,ACCESS-CM2,47.26671600341797
06011,2055,ssp585,ACCESS-CM2,44.272743225097656
06013,2055,ssp585,ACCESS-CM2,36.772064208984375
06015,2055,ssp585,ACCESS-CM2,31.07884979248047
06017,2055,ssp585,ACCESS-CM2,45.143123626708984
06019,2055,ssp585,ACCESS-CM2,43.27666091918945
06021,2055,ssp585,ACCESS-CM2,42.91487121582031
06023,2055,ssp585,ACCESS-CM2,29.57598876953125
06025,2055,ssp585,ACCESS-CM2,49.5010986328125
06027,2055,ssp585,ACCESS-CM2,48.26496887207031
06029,2055,ssp585,ACCESS-CM2,42.504573822021484
06031,2055,ssp585,ACCESS-CM2,45.19175338745117
06033,2055,ssp585,ACCESS-CM2,38.92981719970703
06035,2055,ssp585,ACCESS-CM2,43.823333740234375
06037,2055,ssp585,ACCESS-CM2,35.96416473388672
06039,2055,ssp585,ACCESS-CM2,45.680442810058594
06041,2055,ssp585,ACCESS-CM2,32.20024490356445
06043,2055,ssp585,ACCESS-CM2,46.600467681884766
06045,2055,ssp585,ACCESS-CM2,34.6765022277832
06047,2055,ssp585,ACCESS-CM2,44.95121765136719
06049,2055,ssp585,ACCESS-CM2,43.97614669799805
06051,2055,ssp585,ACCESS-CM2,41.17023849487305
06053,2055,ssp585,ACCESS-CM2,33.430885314941406
06055,2055,ssp585,ACCESS-CM2,38.215614318847656
06057,2055,ssp585,ACCESS-CM2,44.80511474609375
06059,2055,ssp585,ACCESS-CM2,37.50507354736328
06061,2055,ssp585,ACCESS-CM2,45.64011764526367
06063,2055,ssp585,ACCESS-CM2,43.13088607788086
06065,2055,ssp585,ACCESS-CM2,45.50050354003906
06067,2055,ssp585,ACCESS-CM2,47.073265075683594
06069,2055,ssp585,ACCESS-CM2,37.54776382446289
06071,2055,ssp585,ACCESS-CM2,47.97372055053711
06073,2055,ssp585,ACCESS-CM2,39.21041488647461
06075,2055,ssp585,ACCESS-CM2,31.503662109375
06077,2055,ssp585,ACCESS-CM2,45.16773223876953
06079,2055,ssp585,ACCESS-CM2,34.62797927856445
06081,2055,ssp585,ACCESS-CM2,29.180288314819336
06083,2055,ssp585,ACCESS-CM2,31.622486114501953
06085,2055,ssp585,ACCESS-CM2,34.37558364868164
06087,2055,ssp585,ACCESS-CM2,31.22149658203125
06089,2055,ssp585,ACCESS-CM2,44.24110794067383
06091,2055,ssp585,ACCESS-CM2,43.07984161376953
06093,2055,ssp585,ACCESS-CM2,37.813621520996094
06095,2055,ssp585,ACCESS-CM2,38.66948699951172
06097,2055,ssp585,ACCESS-CM2,35.10014343261719
06099,2055,ssp585,ACCESS-CM2,45.10038375854492
06101,2055,ssp585,ACCESS-CM2,47.35365676879883
06103,2055,ssp585,ACCESS-CM2,44.299007415771484
06105,2055,ssp585,ACCESS-CM2,34.8847770690918
06107,2055,ssp585,ACCESS-CM2,43.931949615478516
06109,2055,ssp585,ACCESS-CM2,42.339927673339844
06111,2055,ssp585,ACCESS-CM2,33.282596588134766
06113,2055,ssp585,ACCESS-CM2,43.892555236816406
06115,2055,ssp585,ACCESS-CM2,49.45068359375
48001,2055,ssp585,ACCESS-CM2,44.93157196044922
48003,2055,ssp585,ACCESS-CM2,43.55376052856445
48005,2055,ssp585,ACCESS-CM2,43.79005432128906
48007,2055,ssp585,ACCESS-CM2,39.559356689453125
48009,2055,ssp585,ACCESS-CM2,47.046905517578125
48011,2055,ssp585,ACCESS-CM2,42.66668701171875
48013,2055,ssp585,ACCESS-CM2,44.65449142456055
48015,2055,ssp585,ACCESS-CM2,43.98299026489258
48017,2055,ssp585,ACCESS-CM2,42.46678924560547
48019,2055,ssp585,ACCESS-CM2,43.86370849609375
48021,2055,ssp585,ACCESS-CM2,44.84033203125
48023,2055,ssp585,ACCESS-CM2,47.154632568359375
48025,2055,ssp585,ACCESS-CM2,42.02180099487305
48027,2055,ssp585,ACCESS-CM2,45.193077087402344
48029,2055,ssp585,ACCESS-CM2,44.359474182128906
48031,2055,ssp585,ACCESS-CM2,44.00390625
48033,2055,ssp585,ACCESS-CM2,44.74269104003906
48035,2055,ssp585,ACCESS-CM2,45.9234619140625
48037,2055,ssp585,ACCESS-CM2,44.05896759033203
48039,2055,ssp585,ACCESS-CM2,39.33461380004883
48041,2055,ssp585,ACCESS-CM2,45.83001708984375
48043,2055,ssp585,ACCESS-CM2,44.96548080444336
48045,2055,ssp585,ACCESS-CM2,42.95020294189453
48047,2055,ssp585,ACCESS-CM2,43.35570526123047
48049,2055,ssp585,ACCESS-CM2,45.654563903808594
48051,2055,ssp585,ACCESS-CM2,45.771636962890625
48053,2055,ssp585,ACCESS-CM2,44.73018264770508
48055,2055,ssp585,ACCESS-CM2,44.42140197753906
48057,2055,ssp585,ACCESS-CM2,39.88525390625
48059,2055,ssp585,ACCESS-CM2,45.36708450317383
48061,2055,ssp585,ACCESS-CM2,40.857933044433594
48065,2055,ssp585,ACCESS-CM2,42.593231201171875
48067,2055,ssp585,ACCESS-CM2,43.92637252807617
48069,2055,ssp585,ACCESS-CM2,42.72657012939453
48071,2055,ssp585,ACCESS-CM2,39.238773345947266
48073,2055,ssp585,ACCESS-CM2,44.405784606933594
48075,2055,ssp585,ACCESS-CM2,45.399566650390625
48077,2055,ssp585,ACCESS-CM2,46.897342681884766
48079,2055,ssp585,ACCESS-CM2,42.24366760253906
48081,2055,ssp585,ACCESS-CM2,45.47271728515625
48083,2055,ssp585,ACCESS-CM2,45.42595672607422
48085,2055,ssp585,ACCESS-CM2,44.39301681518555
48087,2055,ssp585,ACCESS-CM2,44.22637939453125
48089,2055,ssp585,ACCESS-CM2,44.6707878112793
48091,2055,ssp585,ACCESS-CM2,43.916717529296875
48093,2055,ssp585,ACCESS-CM2,45.810150146484375
48095,2055,ssp585,ACCESS-CM2,44.87714385986328
48097,2055,ssp585,ACCESS-CM2,45.0491943359375
48099,2055,ssp585,ACCESS-CM2,45.58052444458008
48101,2055,ssp585,ACCESS-CM2,45.996803283691406
48103,2055,ssp585,ACCESS-CM2,44.15784454345703
48105,2055,ssp585,ACCESS-CM2,44.3310661315918
48107,2055,ssp585,ACCESS-CM2,43.666534423828125
48109,2055,ssp585,ACCESS-CM2,44.69655990600586
48111,2055,ssp585,ACCESS-CM2,42.48924255371094
48113,2055,ssp585,ACCESS-CM2,45.039329528808594
48115,2055,ssp585,ACCESS-CM2,43.688316345214844
48117,2055,ssp585,ACCESS-CM2,42.3194465637207
48119,2055,ssp585,ACCESS-CM2,43.837066650390625
48121,2055,ssp585,ACCESS-CM2,45.27164840698242
48123,2055,ssp585,ACCESS-CM2,43.09758377075195
48125,2055,ssp585,ACCESS-CM2,45.35723876953125
48127,2055,ssp585,ACCESS-CM2,46.36964416503906
48129,2055,ssp585,ACCESS-CM2,43.107994079589844
48131,2055,ssp585,ACCESS-CM2,43.920169830322266
48133,2055,ssp585,ACCESS-CM2,45.64579391479492
48135,2055,ssp585,ACCESS-CM2,43.673980712890625
48137,2055,ssp585,ACCESS-CM2,44.062984466552734
48139,2055,ssp585,ACCESS-CM2,45.014678955078125
48141,2055,ssp585,ACCESS-CM2,45.57378387451172
48143,2055,ssp585,ACCESS-CM2,45.68004608154297
48145,2055,ssp585,ACCESS-CM2,45.50579833984375
48147,2055,ssp585,ACCESS-CM2,43.54050827026367
48149,2055,ssp585,ACCESS-CM2,44.825286865234375
48151,2055,ssp585,ACCESS-CM2,46.28626251220703
48153,2055,ssp585,ACCESS-CM2,42.86773681640625
48155,2055,ssp585,ACCESS-CM2,46.78023147583008
48157,2055,ssp585,ACCESS-CM2,41.75666809082031
48161,2055,ssp585,ACCESS-CM2,45.354270935058594
48163,2055,ssp585,ACCESS-CM2,45.471221923828125
48165,2055,ssp585,ACCESS-CM2,43.13382339477539
48167,2055,ssp585,ACCESS-CM2,39.07698059082031
48169,2055,ssp585,ACCESS-CM2,45.035621643066406
48171,2055,ssp585,ACCESS-CM2,43.70940017700195
48173,2055,ssp585,ACCESS-CM2,44.40739440917969
48175,2055,ssp585,ACCESS-CM2,41.77154541015625
48177,2055,ssp585,ACCESS-CM2,44.45783233642578
48179,2055,ssp585,ACCESS-CM2,42.95695495605469
48181,2055,ssp585,ACCESS-CM2,44.31876754760742
48183,2055,ssp585,ACCESS-CM2,43.99737548828125
48185,2055,ssp585,ACCESS-CM2,44.901824951171875
48187,2055,ssp585,ACCESS-CM2,44.253997802734375
48189,2055,ssp585,ACCESS-CM2,42.31476593017578
48191,2055,ssp585,ACCESS-CM2,44.375244140625
48193,2055,ssp585,ACCESS-CM2,45.54857635498047
48195,2055,ssp585,ACCESS-CM2,42.56305694580078
48197,2055,ssp585,ACCESS-CM2,46.49461364746094
48199,2055,ssp585,ACCESS-CM2,41.29249572753906
48201,2055,ssp585,ACCESS-CM2,41.431358337402344
48203,2055,ssp585,ACCESS-CM2,43.67510223388672
48205,2055,ssp585,ACCESS-CM2,43.20009231567383
48207,2055,ssp585,ACCESS-CM2,47.292266845703125
48209,2055,ssp585,ACCESS-CM2,43.95988464355469
48211,2055,ssp585,ACCESS-CM2,42.976158142089844
48213,2055,ssp585,ACCESS-CM2,44.59782409667969
48215,2055,ssp585,ACCESS-CM2,42.878055572509766
48217,2055,ssp585,ACCESS-CM2,45.5938720703125
48219,2055,ssp585,ACCESS-CM2,42.220855712890625
48221,2055,ssp585,ACCESS-CM2,45.93006896972656
48223,2055,ssp585,ACCESS-CM2,43.68553161621094
48225,2055,ssp585,ACCESS-CM2,44.73671340942383
48227,2055,ssp585,ACCESS-CM2,44.770484924316406
48229,2055,ssp585,ACCESS-CM2,45.06301498413086
48231,2055,ssp585,ACCESS-CM2,43.71332550048828
48233,2055,ssp585,ACCESS-CM2,42.99930953979492
48235,2055,ssp585,ACCESS-CM2,44.477569580078125
48237,2055,ssp585,ACCESS-CM2,46.21760559082031
48239,2055,ssp585,ACCESS-CM2,41.95905685424805
48241,2055,ssp585,ACCESS-CM2,42.63380432128906
48243,2055,ssp585,ACCESS-CM2,44.328208923339844
48245,2055,ssp585,ACCESS-CM2,38.94952392578125
48247,2055,ssp585,ACCESS-CM2,44.02265930175781
48249,2055,ssp585,ACCESS-CM2,43.2484245300293
48251,2055,ssp585,ACCESS-CM2,45.39692687988281
48253,2055,ssp585,ACCESS-CM2,46.66259765625
48255,2055,ssp585,ACCESS-CM2,43.17869567871094
48257,2055,ssp585,ACCESS-CM2,44.540740966796875
48259,2055,ssp585,ACCESS-CM2,43.551513671875
48261,2055,ssp585,ACCESS-CM2,41.45125198364258
48263,2055,ssp585,ACCESS-CM2,46.25212097167969
48265,2055,ssp585,ACCESS-CM2,43.547142028808594
48267,2055,ssp585,ACCESS-CM2,43.948585510253906
48269,2055,ssp585,ACCESS-CM2,46.52561950683594
48271,2055,ssp585,ACCESS-CM2,45.7717170715332
48273,2055,ssp585,ACCESS-CM2,41.60651779174805
48275,2055,ssp585,ACCESS-CM2,47.17906188964844
48277,2055,ssp585,ACCESS-CM2,43.70341110229492
48279,2055,ssp585,ACCESS-CM2,42.51917266845703
48281,2055,ssp585,ACCESS-CM2,45.09828567504883
48283,2055,ssp585,ACCESS-CM2,45.515384674072266
48285,2055,ssp585,ACCESS-CM2,44.42692565917969
48287,2055,ssp585,ACCESS-CM2,45.26993942260742
48289,2055,ssp585,ACCESS-CM2,45.317237854003906
48291,2055,ssp585,ACCESS-CM2,41.49554443359375
48293,2055,ssp585,ACCESS-CM2,45.52516555786133
48295,2055,ssp585,ACCESS-CM2,42.408782958984375
48297,2055,ssp585,ACCESS-CM2,43.3089599609375
48299,2055,ssp585,ACCESS-CM2,44.9862060546875
48301,2055,ssp585,ACCESS-CM2,45.13692092895508
48303,2055,ssp585,ACCESS-CM2,42.52928161621094
48305,2055,ssp585,ACCESS-CM2,43.28094482421875
48307,2055,ssp585,ACCESS-CM2,45.172874450683594
48309,2055,ssp585,ACCESS-CM2,45.502044677734375
48311,2055,ssp585,ACCESS-CM2,44.40188217163086
48313,2055,ssp585,ACCESS-CM2,45.3829345703125
48315,2055,ssp585,ACCESS-CM2,43.81205368041992
48317,2055,ssp585,ACCESS-CM2,44.144142150878906
48319,2055,ssp585,ACCESS-CM2,44.59326171875
48321,2055,ssp585,ACCESS-CM2,39.595298767089844
48323,2055,ssp585,ACCESS-CM2,46.563995361328125
48325,2055,ssp585,ACCESS-CM2,44.993167877197266
48327,2055,ssp585,ACCESS-CM2,44.26145935058594
48329,2055,ssp585,ACCESS-CM2,44.19248962402344
48331,2055,ssp585,ACCESS-CM2,45.66204071044922
48333,2055,ssp585,ACCESS-CM2,45.23958206176758
48335,2055,ssp585,ACCESS-CM2,45.46199035644531
48337,2055,ssp585,ACCESS-CM2,45.80596923828125
48339,2055,ssp585,ACCESS-CM2,43.074127197265625
48341,2055,ssp585,ACCESS-CM2,43.078487396240234
48345,2055,ssp585,ACCESS-CM2,44.771141052246094
48347,2055,ssp585,ACCESS-CM2,43.92682647705078
48349,2055,ssp585,ACCESS-CM2,45.19493865966797
48351,2055,ssp585,ACCESS-CM2,42.26660919189453
48353,2055,ssp585,ACCESS-CM2,45.19701385498047
48355,2055,ssp585,ACCESS-CM2,41.37771987915039
48357,2055,ssp585,ACCESS-CM2,42.32318878173828
48359,2055,ssp585,ACCESS-CM2,43.39427947998047
48361,2055,ssp585,ACCESS-CM2,39.902374267578125
48363,2055,ssp585,ACCESS-CM2,46.30591583251953
48365,2055,ssp585,ACCESS-CM2,43.62567138671875
48367,2055,ssp585,ACCESS-CM2,45.823402404785156
48369,2055,ssp585,ACCESS-CM2,42.52375030517578
48371,2055,ssp585,ACCESS-CM2,44.166351318359375
48373,2055,ssp585,ACCESS-CM2,43.48797607421875
48375,2055,ssp585,ACCESS-CM2,43.0103759765625
48377,2055,ssp585,ACCESS-CM2,46.329288482666016
48379,2055,ssp585,ACCESS-CM2,43.921722412109375
48381,2055,ssp585,ACCESS-CM2,42.274986267089844
48383,2055,ssp585,ACCESS-CM2,44.26560592651367
48385,2055,ssp585,ACCESS-CM2,43.81549072265625
48387,2055,ssp585,ACCESS-CM2,43.8746452331543
48389,2055,ssp585,ACCESS-CM2,45.7041130065918
48391,2055,ssp585,ACCESS-CM2,40.33942413330078
48393,2055,ssp585,ACCESS-CM2,42.713218688964844
48395,2055,ssp585,ACCESS-CM2,45.82421875
48397,2055,ssp585,ACCESS-CM2,44.30999755859375
48399,2055,ssp585,ACCESS-CM2,45.595741271972656
48401,2055,ssp585,ACCESS-CM2,44.107704162597656
48403,2055,ssp585,ACCESS-CM2,43.138824462890625
48405,2055,ssp585,ACCESS-CM2,43.2548828125
48407,2055,ssp585,ACCESS-CM2,43.22908020019531
48409,2055,ssp585,ACCESS-CM2,41.67987060546875
48411,2055,ssp585,ACCESS-CM2,45.3153076171875
48413,2055,ssp585,ACCESS-CM2,44.150543212890625
48415,2055,ssp585,ACCESS-CM2,45.42230987548828
48417,2055,ssp585,ACCESS-CM2,46.39839172363281
48419,2055,ssp585,ACCESS-CM2,43.701759338378906
48421,2055,ssp585,ACCESS-CM2,42.71607971191406
48423,2055,ssp585,ACCESS-CM2,43.990997314453125
48425,2055,ssp585,ACCESS-CM2,45.80523681640625
48427,2055,ssp585,ACCESS-CM2,44.38053894042969
48429,2055,ssp585,ACCESS-CM2,46.16637420654297
48431,2055,ssp585,ACCESS-CM2,44.741004943847656
48433,2055,ssp585,ACCESS-CM2,47.09111022949219
48435,2055,ssp585,ACCESS-CM2,44.020469665527344
48437,2055,ssp585,ACCESS-CM2,42.614418029785156
48439,2055,ssp585,ACCESS-CM2,45.63594055175781
48441,2055,ssp585,ACCESS-CM2,45.39768981933594
48443,2055,ssp585,ACCESS-CM2,44.98641586303711
48445,2055,ssp585,ACCESS-CM2,42.554359436035156
48447,2055,ssp585,ACCESS-CM2,47.00304412841797
48449,2055,ssp585,ACCESS-CM2,43.93006134033203
48451,2055,ssp585,ACCESS-CM2,45.00790023803711
48453,2055,ssp585,ACCESS-CM2,44.57447814941406
48455,2055,ssp585,ACCESS-CM2,44.1771354675293
48457,2055,ssp585,ACCESS-CM2,42.773963928222656
48459,2055,ssp585,ACCESS-CM2,43.83705139160156
48461,2055,ssp585,ACCESS-CM2,43.97867202758789
48463,2055,ssp585,ACCESS-CM2,45.295997619628906
48465,2055,ssp585,ACCESS-CM2,45.116329193115234
48467,2055,ssp585,ACCESS-CM2,44.152687072753906
48469,2055,ssp585,ACCESS-CM2,41.38862609863281
48471,2055,ssp585,ACCESS-CM2,44.393951416015625
48473,2055,ssp585,ACCESS-CM2,43.69608688354492
48475,2055,ssp585,ACCESS-CM2,44.943870544433594
48477,2055,ssp585,ACCESS-CM2,44.93853759765625
48479,2055,ssp585,ACCESS-CM2,45.283382415771484
48481,2055,ssp585,ACCESS-CM2,42.743064880371094
48483,2055,ssp585,ACCESS-CM2,43.4793701171875
48485,2055,ssp585,ACCESS-CM2,47.21788024902344
48487,2055,ssp585,ACCESS-CM2,47.1221923828125
48489,2055,ssp585,ACCESS-CM2,41.413543701171875
48491,2055,ssp585,ACCESS-CM2,44.79317092895508
48493,2055,ssp585,ACCESS-CM2,44.20648193359375
48495,2055,ssp585,ACCESS-CM2,44.306396484375
48497,2055,ssp585,ACCESS-CM2,45.927711486816406
48499,2055,ssp585,ACCESS-CM2,43.8648567199707
48501,2055,ssp585,ACCESS-CM2,42.35911560058594
48503,2055,ssp585,ACCESS-CM2,46.68097686767578
48505,2055,ssp585,ACCESS-CM2,44.867156982421875
48507,2055,ssp585,ACCESS-CM2,46.195648193359375
06001,2056,ssp585,ACCESS-CM2,34.64381790161133
06003,2056,ssp585,ACCESS-CM2,35.7055549621582
06005,2056,ssp585,ACCESS-CM2,40.10927200317383
06007,2056,ssp585,ACCESS-CM2,42.69731140136719
06009,2056,ssp585,ACCESS-CM2,41.97711944580078
06011,2056,ssp585,ACCESS-CM2,41.0709114074707
06013,2056,ssp585,ACCESS-CM2,36.30290603637695
06015,2056,ssp585,ACCESS-CM2,32.98487091064453
06017,2056,ssp585,ACCESS-CM2,40.044029235839844
06019,2056,ssp585,ACCESS-CM2,38.4326057434082
06021,2056,ssp585,ACCESS-CM2,39.8021240234375
06023,2056,ssp585,ACCESS-CM2,31.303295135498047
06025,2056,ssp585,ACCESS-CM2,47.35618591308594
06027,2056,ssp585,ACCESS-CM2,44.02646255493164
06029,2056,ssp585,ACCESS-CM2,38.379615783691406
06031,2056,ssp585,ACCESS-CM2,40.6408576965332
06033,2056,ssp585,ACCESS-CM2,37.619163513183594
06035,2056,ssp585,ACCESS-CM2,40.1507453918457
06037,2056,ssp585,ACCESS-CM2,33.23991394042969
06039,2056,ssp585,ACCESS-CM2,40.88484573364258
06041,2056,ssp585,ACCESS-CM2,37.74908447265625
06043,2056,ssp585,ACCESS-CM2,42.072906494140625
06045,2056,ssp585,ACCESS-CM2,35.542728424072266
06047,2056,ssp585,ACCESS-CM2,40.13127899169922
06049,2056,ssp585,ACCESS-CM2,40.47943878173828
06051,2056,ssp585,ACCESS-CM2,37.11720275878906
06053,2056,ssp585,ACCESS-CM2,33.108116149902344
06055,2056,ssp585,ACCESS-CM2,38.506614685058594
06057,2056,ssp585,ACCESS-CM2,39.83424377441406
06059,2056,ssp585,ACCESS-CM2,35.09008026123047
06061,2056,ssp585,ACCESS-CM2,40.646846771240234
06063,2056,ssp585,ACCESS-CM2,38.97514343261719
06065,2056,ssp585,ACCESS-CM2,42.61366653442383
06067,2056,ssp585,ACCESS-CM2,42.23078155517578
06069,2056,ssp585,ACCESS-CM2,34.06221389770508
06071,2056,ssp585,ACCESS-CM2,44.24320983886719
06073,2056,ssp585,ACCESS-CM2,36.45612716674805
06075,2056,ssp585,ACCESS-CM2,35.707366943359375
06077,2056,ssp585,ACCESS-CM2,40.8747444152832
06079,2056,ssp585,ACCESS-CM2,34.199893951416016
06081,2056,ssp585,ACCESS-CM2,33.8172607421875
06083,2056,ssp585,ACCESS-CM2,31.8814697265625
06085,2056,ssp585,ACCESS-CM2,33.74679183959961
06087,2056,ssp585,ACCESS-CM2,33.185150146484375
06089,2056,ssp585,ACCESS-CM2,41.111576080322266
06091,2056,ssp585,ACCESS-CM2,38.74046325683594
06093,2056,ssp585,ACCESS-CM2,36.88158416748047
06095,2056,ssp585,ACCESS-CM2,38.69866180419922
06097,2056,ssp585,ACCESS-CM2,38.50146484375
06099,2056,ssp585,ACCESS-CM2,40.488407135009766
06101,2056,ssp585,ACCESS-CM2,42.729400634765625
06103,2056,ssp585,ACCESS-CM2,40.529842376708984
06105,2056,ssp585,ACCESS-CM2,33.888607025146484
06107,2056,ssp585,ACCESS-CM2,38.83320999145508
06109,2056,ssp585,ACCESS-CM2,38.02788162231445
06111,2056,ssp585,ACCESS-CM2,31.092880249023438
06113,2056,ssp585,ACCESS-CM2,40.524742126464844
06115,2056,ssp585,ACCESS-CM2,44.156707763671875
48001,2056,ssp585,ACCESS-CM2,44.25947570800781
48003,2056,ssp585,ACCESS-CM2,43.074947357177734
48005,2056,ssp585,ACCESS-CM2,44.65681457519531
48007,2056,ssp585,ACCESS-CM2,40.3809814453125
48009,2056,ssp585,ACCESS-CM2,43.4600830078125
48011,2056,ssp585,ACCESS-CM2,41.25482177734375
48013,2056,ssp585,ACCESS-CM2,43.680419921875
48015,2056,ssp585,ACCESS-CM2,44.232635498046875
48017,2056,ssp585,ACCESS-CM2,41.03535461425781
48019,2056,ssp585,ACCESS-CM2,41.95658493041992
48021,2056,ssp585,ACCESS-CM2,44.13728332519531
48023,2056,ssp585,ACCESS-CM2,43.11097717285156
48025,2056,ssp585,ACCESS-CM2,42.4229850769043
48027,2056,ssp585,ACCESS-CM2,44.03248596191406
48029,2056,ssp585,ACCESS-CM2,43.02983093261719
48031,2056,ssp585,ACCESS-CM2,42.43345642089844
48033,2056,ssp585,ACCESS-CM2,43.1419677734375
48035,2056,ssp585,ACCESS-CM2,43.73774719238281
48037,2056,ssp585,ACCESS-CM2,42.726829528808594
48039,2056,ssp585,ACCESS-CM2,40.80229568481445
48041,2056,ssp585,ACCESS-CM2,44.68659973144531
48043,2056,ssp585,ACCESS-CM2,43.933895111083984
48045,2056,ssp585,ACCESS-CM2,41.363807678222656
48047,2056,ssp585,ACCESS-CM2,42.987091064453125
48049,2056,ssp585,ACCESS-CM2,42.412681579589844
48051,2056,ssp585,ACCESS-CM2,44.6386833190918
48053,2056,ssp585,ACCESS-CM2,43.089935302734375
48055,2056,ssp585,ACCESS-CM2,43.87782287597656
48057,2056,ssp585,ACCESS-CM2,41.399810791015625
48059,2056,ssp585,ACCESS-CM2,41.6965446472168
48061,2056,ssp585,ACCESS-CM2,40.47430419921875
48065,2056,ssp585,ACCESS-CM2,41.19215774536133
48067,2056,ssp585,ACCESS-CM2,42.926910400390625
48069,2056,ssp585,ACCESS-CM2,41.01879119873047
48071,2056,ssp585,ACCESS-CM2,41.03725051879883
48073,2056,ssp585,ACCESS-CM2,43.967315673828125
48075,2056,ssp585,ACCESS-CM2,42.67234802246094
48077,2056,ssp585,ACCESS-CM2,43.76357650756836
48079,2056,ssp585,ACCESS-CM2,40.992462158203125
48081,2056,ssp585,ACCESS-CM2,43.214111328125
48083,2056,ssp585,ACCESS-CM2,41.92009735107422
48085,2056,ssp585,ACCESS-CM2,43.26020431518555
48087,2056,ssp585,ACCESS-CM2,42.59967041015625
48089,2056,ssp585,ACCESS-CM2,44.8428955078125
48091,2056,ssp585,ACCESS-CM2,42.685089111328125
48093,2056,ssp585,ACCESS-CM2,42.68363571166992
48095,2056,ssp585,ACCESS-CM2,41.67704772949219
48097,2056,ssp585,ACCESS-CM2,43.31306457519531
48099,2056,ssp585,ACCESS-CM2,43.824310302734375
48101,2056,ssp585,ACCESS-CM2,42.42210388183594
48103,2056,ssp585,ACCESS-CM2,43.38001251220703
48105,2056,ssp585,ACCESS-CM2,42.09477233886719
48107,2056,ssp585,ACCESS-CM2,41.61961364746094
48109,2056,ssp585,ACCESS-CM2,42.95624542236328
48111,2056,ssp585,ACCESS-CM2,41.35504150390625
48113,2056,ssp585,ACCESS-CM2,43.483619689941406
48115,2056,ssp585,ACCESS-CM2,43.00584411621094
48117,2056,ssp585,ACCESS-CM2,41.085994720458984
48119,2056,ssp585,ACCESS-CM2,42.90476989746094
48121,2056,ssp585,ACCESS-CM2,43.56601333618164
48123,2056,ssp585,ACCESS-CM2,43.555328369140625
48125,2056,ssp585,ACCESS-CM2,42.19279479980469
48127,2056,ssp585,ACCESS-CM2,44.64141845703125
48129,2056,ssp585,ACCESS-CM2,41.77808380126953
48131,2056,ssp585,ACCESS-CM2,43.40248489379883
48133,2056,ssp585,ACCESS-CM2,42.36500930786133
48135,2056,ssp585,ACCESS-CM2,43.27677917480469
48137,2056,ssp585,ACCESS-CM2,41.4161491394043
48139,2056,ssp585,ACCESS-CM2,43.60060501098633
48141,2056,ssp585,ACCESS-CM2,43.06963348388672
48143,2056,ssp585,ACCESS-CM2,42.79579162597656
48145,2056,ssp585,ACCESS-CM2,44.3920783996582
48147,2056,ssp585,ACCESS-CM2,42.96870040893555
48149,2056,ssp585,ACCESS-CM2,44.64872741699219
48151,2056,ssp585,ACCESS-CM2,42.78345489501953
48153,2056,ssp585,ACCESS-CM2,41.173797607421875
48155,2056,ssp585,ACCESS-CM2,42.9133186340332
48157,2056,ssp585,ACCESS-CM2,42.766395568847656
48161,2056,ssp585,ACCESS-CM2,44.27412414550781
48163,2056,ssp585,ACCESS-CM2,44.0799446105957
48165,2056,ssp585,ACCESS-CM2,42.65190124511719
48167,2056,ssp585,ACCESS-CM2,40.86280822753906
48169,2056,ssp585,ACCESS-CM2,42.67870330810547
48171,2056,ssp585,ACCESS-CM2,41.73176956176758
48173,2056,ssp585,ACCESS-CM2,43.2652587890625
48175,2056,ssp585,ACCESS-CM2,42.60712814331055
48177,2056,ssp585,ACCESS-CM2,44.319679260253906
48179,2056,ssp585,ACCESS-CM2,41.82688903808594
48181,2056,ssp585,ACCESS-CM2,43.30271530151367
48183,2056,ssp585,ACCESS-CM2,43.599212646484375
48185,2056,ssp585,ACCESS-CM2,44.578575134277344
48187,2056,ssp585,ACCESS-CM2,43.708282470703125
48189,2056,ssp585,ACCESS-CM2,40.94648742675781
48191,2056,ssp585,ACCESS-CM2,42.30139923095703
48193,2056,ssp585,ACCESS-CM2,43.01075744628906
48195,2056,ssp585,ACCESS-CM2,42.481224060058594
48197,2056,ssp585,ACCESS-CM2,43.10801696777344
48199,2056,ssp585,ACCESS-CM2,43.197113037109375
48201,2056,ssp585,ACCESS-CM2,42.334373474121094
48203,2056,ssp585,ACCESS-CM2,43.34955596923828
48205,2056,ssp585,ACCESS-CM2,41.63330078125
48207,2056,ssp585,ACCESS-CM2,42.574378967285156
48209,2056,ssp585,ACCESS-CM2,42.95977783203125
48211,2056,ssp585,ACCESS-CM2,42.66999053955078
48213,2056,ssp585,ACCESS-CM2,43.74177551269531
48215,2056,ssp585,ACCESS-CM2,42.68830108642578
48217,2056,ssp585,ACCESS-CM2,43.9120979309082
48219,2056,ssp585,ACCESS-CM2,41.12681579589844
48221,2056,ssp585,ACCESS-CM2,43.534912109375
48223,2056,ssp585,ACCESS-CM2,42.79109191894531
48225,2056,ssp585,ACCESS-CM2,44.68023681640625
48227,2056,ssp585,ACCESS-CM2,43.41785430908203
48229,2056,ssp585,ACCESS-CM2,42.931983947753906
48231,2056,ssp585,ACCESS-CM2,42.943824768066406
48233,2056,ssp585,ACCESS-CM2,42.0916862487793
48235,2056,ssp585,ACCESS-CM2,42.304168701171875
48237,2056,ssp585,ACCESS-CM2,43.285377502441406
48239,2056,ssp585,ACCESS-CM2,43.08750534057617
48241,2056,ssp585,ACCESS-CM2,44.0399169921875
48243,2056,ssp585,ACCESS-CM2,42.59140396118164
48245,2056,ssp585,ACCESS-CM2,40.81048583984375
48247,2056,ssp585,ACCESS-CM2,43.41477966308594
48249,2056,ssp585,ACCESS-CM2,42.88846969604492
48251,2056,ssp585,ACCESS-CM2,43.49275207519531
48253,2056,ssp585,ACCESS-CM2,42.37623977661133
48255,2056,ssp585,ACCESS-CM2,43.29579162597656
48257,2056,ssp585,ACCESS-CM2,43.521697998046875
48259,2056,ssp585,ACCESS-CM2,41.771644592285156
48261,2056,ssp585,ACCESS-CM2,41.27979278564453
48263,2056,ssp585,ACCESS-CM2,42.76167297363281
48265,2056,ssp585,ACCESS-CM2,41.360748291015625
48267,2056,ssp585,ACCESS-CM2,41.4007453918457
48269,2056,ssp585,ACCESS-CM2,42.45782470703125
48271,2056,ssp585,ACCESS-CM2,43.37149429321289
48273,2056,ssp585,ACCESS-CM2,41.57124710083008
48275,2056,ssp585,ACCESS-CM2,42.840240478515625
48277,2056,ssp585,ACCESS-CM2,42.846893310546875
48279,2056,ssp585,ACCESS-CM2,40.988731384277344
48281,2056,ssp585,ACCESS-CM2,42.95867919921875
48283,2056,ssp585,ACCESS-CM2,44.40449523925781
48285,2056,ssp585,ACCESS-CM2,44.71363830566406
48287,2056,ssp585,ACCESS-CM2,44.362335205078125
48289,2056,ssp585,ACCESS-CM2,44.55199432373047
48291,2056,ssp585,ACCESS-CM2,43.06581497192383
48293,2056,ssp585,ACCESS-CM2,44.2264404296875
48295,2056,ssp585,ACCESS-CM2,42.98700714111328
48297,2056,ssp585,ACCESS-CM2,43.18888473510742
48299,2056,ssp585,ACCESS-CM2,42.877342224121094
48301,2056,ssp585,ACCESS-CM2,43.8109016418457
48303,2056,ssp585,ACCESS-CM2,41.397064208984375
48305,2056,ssp585,ACCESS-CM2,42.0438232421875
48307,2056,ssp585,ACCESS-CM2,42.274017333984375
48309,2056,ssp585,ACCESS-CM2,44.20063400268555
48311,2056,ssp585,ACCESS-CM2,43.808650970458984
48313,2056,ssp585,ACCESS-CM2,44.79608154296875
48315,2056,ssp585,ACCESS-CM2,43.16245651245117
48317,2056,ssp585,ACCESS-CM2,43.52569580078125
48319,2056,ssp585,ACCESS-CM2,42.17506408691406
48321,2056,ssp585,ACCESS-CM2,40.9997673034668
48323,2056,ssp585,ACCESS-CM2,44.37776565551758
48325,2056,ssp585,ACCESS-CM2,43.33790969848633
48327,2056,ssp585,ACCESS-CM2,41.3968505859375
48329,2056,ssp585,ACCESS-CM2,43.599334716796875
48331,2056,ssp585,ACCESS-CM2,44.4224853515625
48333,2056,ssp585,ACCESS-CM2,42.54143142700195
48335,2056,ssp585,ACCESS-CM2,43.385589599609375
48337,2056,ssp585,ACCESS-CM2,43.462188720703125
48339,2056,ssp585,ACCESS-CM2,43.73491287231445
48341,2056,ssp585,ACCESS-CM2,41.66755294799805
48345,2056,ssp585,ACCESS-CM2,42.062767028808594
48347,2056,ssp585,ACCESS-CM2,44.317955017089844
48349,2056,ssp585,ACCESS-CM2,43.96400833129883
48351,2056,ssp585,ACCESS-CM2,43.63758087158203
48353,2056,ssp585,ACCESS-CM2,42.439002990722656
48355,2056,ssp585,ACCESS-CM2,41.53756332397461
48357,2056,ssp585,ACCESS-CM2,42.561744689941406
48359,2056,ssp585,ACCESS-CM2,41.86466979980469
48361,2056,ssp585,ACCESS-CM2,41.918426513671875
48363,2056,ssp585,ACCESS-CM2,43.385169982910156
48365,2056,ssp585,ACCESS-CM2,43.61344528198242
48367,2056,ssp585,ACCESS-CM2,43.35505676269531
48369,2056,ssp585,ACCESS-CM2,41.01238250732422
48371,2056,ssp585,ACCESS-CM2,43.1693000793457
48373,2056,ssp585,ACCESS-CM2,44.79408264160156
48375,2056,ssp585,ACCESS-CM2,41.50043869018555
48377,2056,ssp585,ACCESS-CM2,44.042503356933594
48379,2056,ssp585,ACCESS-CM2,43.071136474609375
48381,2056,ssp585,ACCESS-CM2,40.943260192871094
48383,2056,ssp585,ACCESS-CM2,42.72074890136719
48385,2056,ssp585,ACCESS-CM2,41.469879150390625
48387,2056,ssp585,ACCESS-CM2,42.69537353515625
48389,2056,ssp585,ACCESS-CM2,44.45930480957031
48391,2056,ssp585,ACCESS-CM2,41.29756164550781
48393,2056,ssp585,ACCESS-CM2,42.09728240966797
48395,2056,ssp585,ACCESS-CM2,44.5082893371582
48397,2056,ssp585,ACCESS-CM2,43.13165283203125
48399,2056,ssp585,ACCESS-CM2,42.3609619140625
48401,2056,ssp585,ACCESS-CM2,43.907997131347656
48403,2056,ssp585,ACCESS-CM2,43.791534423828125
48405,2056,ssp585,ACCESS-CM2,44.13751220703125
48407,2056,ssp585,ACCESS-CM2,44.31489562988281
48409,2056,ssp585,ACCESS-CM2,41.88579177856445
48411,2056,ssp585,ACCESS-CM2,42.72039794921875
48413,2056,ssp585,ACCESS-CM2,41.309120178222656
48415,2056,ssp585,ACCESS-CM2,42.86663818359375
48417,2056,ssp585,ACCESS-CM2,42.457374572753906
48419,2056,ssp585,ACCESS-CM2,43.85083770751953
48421,2056,ssp585,ACCESS-CM2,42.101715087890625
48423,2056,ssp585,ACCESS-CM2,43.35414123535156
48425,2056,ssp585,ACCESS-CM2,43.323974609375
48427,2056,ssp585,ACCESS-CM2,43.86693572998047
48429,2056,ssp585,ACCESS-CM2,42.8453369140625
48431,2056,ssp585,ACCESS-CM2,42.92859649658203
48433,2056,ssp585,ACCESS-CM2,42.69279479980469
48435,2056,ssp585,ACCESS-CM2,41.14767837524414
48437,2056,ssp585,ACCESS-CM2,40.92097473144531
48439,2056,ssp585,ACCESS-CM2,43.61305236816406
48441,2056,ssp585,ACCESS-CM2,41.82427215576172
48443,2056,ssp585,ACCESS-CM2,43.40309143066406
48445,2056,ssp585,ACCESS-CM2,41.827491760253906
48447,2056,ssp585,ACCESS-CM2,42.75981140136719
48449,2056,ssp585,ACCESS-CM2,42.78608703613281
48451,2056,ssp585,ACCESS-CM2,42.25942611694336
48453,2056,ssp585,ACCESS-CM2,43.557167053222656
48455,2056,ssp585,ACCESS-CM2,44.79124069213867
48457,2056,ssp585,ACCESS-CM2,44.4493408203125
48459,2056,ssp585,ACCESS-CM2,43.167999267578125
48461,2056,ssp585,ACCESS-CM2,42.92658615112305
48463,2056,ssp585,ACCESS-CM2,43.2523078918457
48465,2056,ssp585,ACCESS-CM2,42.53874969482422
48467,2056,ssp585,ACCESS-CM2,43.31745910644531
48469,2056,ssp585,ACCESS-CM2,42.54357147216797
48471,2056,ssp585,ACCESS-CM2,44.70137405395508
48473,2056,ssp585,ACCESS-CM2,43.7912483215332
48475,2056,ssp585,ACCESS-CM2,44.00279998779297
48477,2056,ssp585,ACCESS-CM2,44.53913879394531
48479,2056,ssp585,ACCESS-CM2,44.187198638916016
48481,2056,ssp585,ACCESS-CM2,43.675010681152344
48483,2056,ssp585,ACCESS-CM2,42.654571533203125
48485,2056,ssp585,ACCESS-CM2,43.6595458984375
48487,2056,ssp585,ACCESS-CM2,43.515838623046875
48489,2056,ssp585,ACCESS-CM2,41.148468017578125
48491,2056,ssp585,ACCESS-CM2,43.68015670776367
48493,2056,ssp585,ACCESS-CM2,43.7205924987793
48495,2056,ssp585,ACCESS-CM2,43.4022216796875
48497,2056,ssp585,ACCESS-CM2,43.54060363769531
48499,2056,ssp585,ACCESS-CM2,43.075439453125
48501,2056,ssp585,ACCESS-CM2,41.43506622314453
48503,2056,ssp585,ACCESS-CM2,43.151573181152344
48505,2056,ssp585,ACCESS-CM2,44.019691467285156
48507,2056,ssp585,ACCESS-CM2,44.31745910644531
06001,2057,ssp585,ACCESS-CM2,35.7339973449707
06003,2057,ssp585,ACCESS-CM2,36.394187927246094
06005,2057,ssp585,ACCESS-CM2,41.6126823425293
06007,2057,ssp585,ACCESS-CM2,43.61363983154297
06009,2057,ssp585,ACCESS-CM2,43.85581970214844
06011,2057,ssp585,ACCESS-CM2,41.527565002441406
06013,2057,ssp585,ACCESS-CM2,37.6068115234375
06015,2057,ssp585,ACCESS-CM2,31.620651245117188
06017,2057,ssp585,ACCESS-CM2,41.289363861083984
06019,2057,ssp585,ACCESS-CM2,40.135318756103516
06021,2057,ssp585,ACCESS-CM2,40.056800842285156
06023,2057,ssp585,ACCESS-CM2,29.828876495361328
06025,2057,ssp585,ACCESS-CM2,50.31957244873047
06027,2057,ssp585,ACCESS-CM2,44.33915328979492
06029,2057,ssp585,ACCESS-CM2,40.78718185424805
06031,2057,ssp585,ACCESS-CM2,42.76372528076172
06033,2057,ssp585,ACCESS-CM2,38.0450553894043
06035,2057,ssp585,ACCESS-CM2,40.07732391357422
06037,2057,ssp585,ACCESS-CM2,35.482513427734375
06039,2057,ssp585,ACCESS-CM2,42.69870376586914
06041,2057,ssp585,ACCESS-CM2,36.04038619995117
06043,2057,ssp585,ACCESS-CM2,43.841190338134766
06045,2057,ssp585,ACCESS-CM2,34.77464294433594
06047,2057,ssp585,ACCESS-CM2,43.034767150878906
06049,2057,ssp585,ACCESS-CM2,40.32802963256836
06051,2057,ssp585,ACCESS-CM2,37.37910079956055
06053,2057,ssp585,ACCESS-CM2,33.51524353027344
06055,2057,ssp585,ACCESS-CM2,39.19230651855469
06057,2057,ssp585,ACCESS-CM2,40.62758255004883
06059,2057,ssp585,ACCESS-CM2,37.01104736328125
06061,2057,ssp585,ACCESS-CM2,41.79427719116211
06063,2057,ssp585,ACCESS-CM2,39.375877380371094
06065,2057,ssp585,ACCESS-CM2,45.06209945678711
06067,2057,ssp585,ACCESS-CM2,44.53144073486328
06069,2057,ssp585,ACCESS-CM2,36.72901916503906
06071,2057,ssp585,ACCESS-CM2,45.396522521972656
06073,2057,ssp585,ACCESS-CM2,39.36134338378906
06075,2057,ssp585,ACCESS-CM2,34.32952880859375
06077,2057,ssp585,ACCESS-CM2,43.38653564453125
06079,2057,ssp585,ACCESS-CM2,34.06865692138672
06081,2057,ssp585,ACCESS-CM2,32.1437873840332
06083,2057,ssp585,ACCESS-CM2,31.672924041748047
06085,2057,ssp585,ACCESS-CM2,35.26326370239258
06087,2057,ssp585,ACCESS-CM2,33.21604919433594
06089,2057,ssp585,ACCESS-CM2,41.601600646972656
06091,2057,ssp585,ACCESS-CM2,39.21143341064453
06093,2057,ssp585,ACCESS-CM2,36.66909408569336
06095,2057,ssp585,ACCESS-CM2,39.810760498046875
06097,2057,ssp585,ACCESS-CM2,37.6268196105957
06099,2057,ssp585,ACCESS-CM2,43.0850715637207
06101,2057,ssp585,ACCESS-CM2,44.37440872192383
06103,2057,ssp585,ACCESS-CM2,41.414833068847656
06105,2057,ssp585,ACCESS-CM2,34.16462707519531
06107,2057,ssp585,ACCESS-CM2,40.06239700317383
06109,2057,ssp585,ACCESS-CM2,39.224853515625
06111,2057,ssp585,ACCESS-CM2,32.77665328979492
06113,2057,ssp585,ACCESS-CM2,42.614707946777344
06115,2057,ssp585,ACCESS-CM2,45.593902587890625
48001,2057,ssp585,ACCESS-CM2,45.552093505859375
48003,2057,ssp585,ACCESS-CM2,44.023563385009766
48005,2057,ssp585,ACCESS-CM2,45.03868865966797
48007,2057,ssp585,ACCESS-CM2,39.958831787109375
48009,2057,ssp585,ACCESS-CM2,43.99751281738281
48011,2057,ssp585,ACCESS-CM2,43.642730712890625
48013,2057,ssp585,ACCESS-CM2,45.0683479309082
48015,2057,ssp585,ACCESS-CM2,45.23148727416992
48017,2057,ssp585,ACCESS-CM2,43.3170166015625
48019,2057,ssp585,ACCESS-CM2,43.25469970703125
48021,2057,ssp585,ACCESS-CM2,45.32543182373047
48023,2057,ssp585,ACCESS-CM2,43.476806640625
48025,2057,ssp585,ACCESS-CM2,43.3701286315918
48027,2057,ssp585,ACCESS-CM2,44.87977600097656
48029,2057,ssp585,ACCESS-CM2,44.74568176269531
48031,2057,ssp585,ACCESS-CM2,43.342559814453125
48033,2057,ssp585,ACCESS-CM2,43.431053161621094
48035,2057,ssp585,ACCESS-CM2,44.43525695800781
48037,2057,ssp585,ACCESS-CM2,44.48558807373047
48039,2057,ssp585,ACCESS-CM2,41.1558952331543
48041,2057,ssp585,ACCESS-CM2,45.91093444824219
48043,2057,ssp585,ACCESS-CM2,44.977264404296875
48045,2057,ssp585,ACCESS-CM2,44.10725402832031
48047,2057,ssp585,ACCESS-CM2,44.32078552246094
48049,2057,ssp585,ACCESS-CM2,42.434814453125
48051,2057,ssp585,ACCESS-CM2,45.974517822265625
48053,2057,ssp585,ACCESS-CM2,43.57463455200195
48055,2057,ssp585,ACCESS-CM2,45.158416748046875
48057,2057,ssp585,ACCESS-CM2,41.116302490234375
48059,2057,ssp585,ACCESS-CM2,41.96611404418945
48061,2057,ssp585,ACCESS-CM2,41.083984375
48065,2057,ssp585,ACCESS-CM2,43.18626022338867
48067,2057,ssp585,ACCESS-CM2,44.4072265625
48069,2057,ssp585,ACCESS-CM2,43.525840759277344
48071,2057,ssp585,ACCESS-CM2,41.4060173034668
48073,2057,ssp585,ACCESS-CM2,45.22807693481445
48075,2057,ssp585,ACCESS-CM2,44.91325378417969
48077,2057,ssp585,ACCESS-CM2,44.53639602661133
48079,2057,ssp585,ACCESS-CM2,43.19976806640625
48081,2057,ssp585,ACCESS-CM2,42.404266357421875
48083,2057,ssp585,ACCESS-CM2,42.038856506347656
48085,2057,ssp585,ACCESS-CM2,44.95588302612305
48087,2057,ssp585,ACCESS-CM2,44.93333435058594
48089,2057,ssp585,ACCESS-CM2,45.8397216796875
48091,2057,ssp585,ACCESS-CM2,44.1031494140625
48093,2057,ssp585,ACCESS-CM2,42.81904983520508
48095,2057,ssp585,ACCESS-CM2,41.78907012939453
48097,2057,ssp585,ACCESS-CM2,44.411407470703125
48099,2057,ssp585,ACCESS-CM2,44.46051025390625
48101,2057,ssp585,ACCESS-CM2,43.94664764404297
48103,2057,ssp585,ACCESS-CM2,43.65718460083008
48105,2057,ssp585,ACCESS-CM2,42.0183219909668
48107,2057,ssp585,ACCESS-CM2,43.107269287109375
48109,2057,ssp585,ACCESS-CM2,44.70375442504883
48111,2057,ssp585,ACCESS-CM2,42.9119987487793
48113,2057,ssp585,ACCESS-CM2,45.143157958984375
48115,2057,ssp585,ACCESS-CM2,43.88226318359375
48117,2057,ssp585,ACCESS-CM2,42.67658615112305
48119,2057,ssp585,ACCESS-CM2,44.60394287109375
48121,2057,ssp585,ACCESS-CM2,44.78340148925781
48123,2057,ssp585,ACCESS-CM2,44.0804443359375
48125,2057,ssp585,ACCESS-CM2,43.30763244628906
48127,2057,ssp585,ACCESS-CM2,46.960845947265625
48129,2057,ssp585,ACCESS-CM2,44.254234313964844
48131,2057,ssp585,ACCESS-CM2,45.814178466796875
48133,2057,ssp585,ACCESS-CM2,42.53633499145508
48135,2057,ssp585,ACCESS-CM2,43.7437744140625
48137,2057,ssp585,ACCESS-CM2,41.9713020324707
48139,2057,ssp585,ACCESS-CM2,45.1297607421875
48141,2057,ssp585,ACCESS-CM2,44.55858612060547
48143,2057,ssp585,ACCESS-CM2,43.142799377441406
48145,2057,ssp585,ACCESS-CM2,45.576812744140625
48147,2057,ssp585,ACCESS-CM2,44.51982498168945
48149,2057,ssp585,ACCESS-CM2,45.669342041015625
48151,2057,ssp585,ACCESS-CM2,42.216773986816406
48153,2057,ssp585,ACCESS-CM2,43.30607604980469
48155,2057,ssp585,ACCESS-CM2,44.04133224487305
48157,2057,ssp585,ACCESS-CM2,43.52611541748047
48161,2057,ssp585,ACCESS-CM2,45.709716796875
48163,2057,ssp585,ACCESS-CM2,45.582733154296875
48165,2057,ssp585,ACCESS-CM2,44.06462097167969
48167,2057,ssp585,ACCESS-CM2,41.52503967285156
48169,2057,ssp585,ACCESS-CM2,43.442283630371094
48171,2057,ssp585,ACCESS-CM2,42.43536376953125
48173,2057,ssp585,ACCESS-CM2,42.571044921875
48175,2057,ssp585,ACCESS-CM2,42.8713493347168
48177,2057,ssp585,ACCESS-CM2,45.2838020324707
48179,2057,ssp585,ACCESS-CM2,44.15362548828125
48181,2057,ssp585,ACCESS-CM2,44.63615036010742
48183,2057,ssp585,ACCESS-CM2,44.93132019042969
48185,2057,ssp585,ACCESS-CM2,45.462913513183594
48187,2057,ssp585,ACCESS-CM2,45.11888122558594
48189,2057,ssp585,ACCESS-CM2,43.40306091308594
48191,2057,ssp585,ACCESS-CM2,44.84571838378906
48193,2057,ssp585,ACCESS-CM2,43.409584045410156
48195,2057,ssp585,ACCESS-CM2,44.20269012451172
48197,2057,ssp585,ACCESS-CM2,44.49412536621094
48199,2057,ssp585,ACCESS-CM2,43.02012634277344
48201,2057,ssp585,ACCESS-CM2,43.03439712524414
48203,2057,ssp585,ACCESS-CM2,44.59352111816406
48205,2057,ssp585,ACCESS-CM2,43.210655212402344
48207,2057,ssp585,ACCESS-CM2,42.948638916015625
48209,2057,ssp585,ACCESS-CM2,44.13069152832031
48211,2057,ssp585,ACCESS-CM2,44.84727478027344
48213,2057,ssp585,ACCESS-CM2,45.2548828125
48215,2057,ssp585,ACCESS-CM2,44.103424072265625
48217,2057,ssp585,ACCESS-CM2,44.99945831298828
48219,2057,ssp585,ACCESS-CM2,43.41386413574219
48221,2057,ssp585,ACCESS-CM2,44.269256591796875
48223,2057,ssp585,ACCESS-CM2,44.61061096191406
48225,2057,ssp585,ACCESS-CM2,45.51152801513672
48227,2057,ssp585,ACCESS-CM2,43.14756774902344
48229,2057,ssp585,ACCESS-CM2,44.76443862915039
48231,2057,ssp585,ACCESS-CM2,44.75750732421875
48233,2057,ssp585,ACCESS-CM2,43.8592529296875
48235,2057,ssp585,ACCESS-CM2,41.928382873535156
48237,2057,ssp585,ACCESS-CM2,44.10896301269531
48239,2057,ssp585,ACCESS-CM2,43.30299758911133
48241,2057,ssp585,ACCESS-CM2,44.06990051269531
48243,2057,ssp585,ACCESS-CM2,44.63457489013672
48245,2057,ssp585,ACCESS-CM2,40.77043533325195
48247,2057,ssp585,ACCESS-CM2,44.3380126953125
48249,2057,ssp585,ACCESS-CM2,44.80180740356445
48251,2057,ssp585,ACCESS-CM2,44.62535095214844
48253,2057,ssp585,ACCESS-CM2,42.50374221801758
48255,2057,ssp585,ACCESS-CM2,44.09309387207031
48257,2057,ssp585,ACCESS-CM2,45.28742218017578
48259,2057,ssp585,ACCESS-CM2,42.94023132324219
48261,2057,ssp585,ACCESS-CM2,42.05290222167969
48263,2057,ssp585,ACCESS-CM2,43.036460876464844
48265,2057,ssp585,ACCESS-CM2,42.3250732421875
48267,2057,ssp585,ACCESS-CM2,41.96885299682617
48269,2057,ssp585,ACCESS-CM2,43.23895263671875
48271,2057,ssp585,ACCESS-CM2,44.71695327758789
48273,2057,ssp585,ACCESS-CM2,42.23405075073242
48275,2057,ssp585,ACCESS-CM2,43.52220153808594
48277,2057,ssp585,ACCESS-CM2,44.45391845703125
48279,2057,ssp585,ACCESS-CM2,43.55181884765625
48281,2057,ssp585,ACCESS-CM2,43.352752685546875
48283,2057,ssp585,ACCESS-CM2,46.91523742675781
48285,2057,ssp585,ACCESS-CM2,45.44122314453125
48287,2057,ssp585,ACCESS-CM2,45.60074996948242
48289,2057,ssp585,ACCESS-CM2,45.71604919433594
48291,2057,ssp585,ACCESS-CM2,43.10832595825195
48293,2057,ssp585,ACCESS-CM2,45.67351150512695
48295,2057,ssp585,ACCESS-CM2,44.44319152832031
48297,2057,ssp585,ACCESS-CM2,45.12385940551758
48299,2057,ssp585,ACCESS-CM2,43.21904754638672
48301,2057,ssp585,ACCESS-CM2,45.141357421875
48303,2057,ssp585,ACCESS-CM2,43.2957763671875
48305,2057,ssp585,ACCESS-CM2,43.315589904785156
48307,2057,ssp585,ACCESS-CM2,42.406005859375
48309,2057,ssp585,ACCESS-CM2,45.24139404296875
48311,2057,ssp585,ACCESS-CM2,46.411102294921875
48313,2057,ssp585,ACCESS-CM2,45.75968933105469
48315,2057,ssp585,ACCESS-CM2,44.473846435546875
48317,2057,ssp585,ACCESS-CM2,43.82709503173828
48319,2057,ssp585,ACCESS-CM2,42.554481506347656
48321,2057,ssp585,ACCESS-CM2,40.95012283325195
48323,2057,ssp585,ACCESS-CM2,46.59113693237305
48325,2057,ssp585,ACCESS-CM2,44.57624053955078
48327,2057,ssp585,ACCESS-CM2,41.681243896484375
48329,2057,ssp585,ACCESS-CM2,43.48638916015625
48331,2057,ssp585,ACCESS-CM2,45.56512451171875
48333,2057,ssp585,ACCESS-CM2,42.74530029296875
48335,2057,ssp585,ACCESS-CM2,42.711273193359375
48337,2057,ssp585,ACCESS-CM2,44.4300537109375
48339,2057,ssp585,ACCESS-CM2,44.26015090942383
48341,2057,ssp585,ACCESS-CM2,43.35843276977539
48345,2057,ssp585,ACCESS-CM2,43.884552001953125
48347,2057,ssp585,ACCESS-CM2,45.07421112060547
48349,2057,ssp585,ACCESS-CM2,45.56319046020508
48351,2057,ssp585,ACCESS-CM2,43.735191345214844
48353,2057,ssp585,ACCESS-CM2,41.71117401123047
48355,2057,ssp585,ACCESS-CM2,42.16161346435547
48357,2057,ssp585,ACCESS-CM2,44.19856262207031
48359,2057,ssp585,ACCESS-CM2,43.384246826171875
48361,2057,ssp585,ACCESS-CM2,41.772735595703125
48363,2057,ssp585,ACCESS-CM2,43.990203857421875
48365,2057,ssp585,ACCESS-CM2,44.70068359375
48367,2057,ssp585,ACCESS-CM2,44.20257568359375
48369,2057,ssp585,ACCESS-CM2,43.21720886230469
48371,2057,ssp585,ACCESS-CM2,43.432525634765625
48373,2057,ssp585,ACCESS-CM2,44.65162658691406
48375,2057,ssp585,ACCESS-CM2,43.1751594543457
48377,2057,ssp585,ACCESS-CM2,46.619606018066406
48379,2057,ssp585,ACCESS-CM2,44.89447021484375
48381,2057,ssp585,ACCESS-CM2,42.805763244628906
48383,2057,ssp585,ACCESS-CM2,42.1348991394043
48385,2057,ssp585,ACCESS-CM2,42.30525588989258
48387,2057,ssp585,ACCESS-CM2,44.400665283203125
48389,2057,ssp585,ACCESS-CM2,45.934329986572266
48391,2057,ssp585,ACCESS-CM2,41.08470916748047
48393,2057,ssp585,ACCESS-CM2,44.07310485839844
48395,2057,ssp585,ACCESS-CM2,45.87630081176758
48397,2057,ssp585,ACCESS-CM2,45.05670166015625
48399,2057,ssp585,ACCESS-CM2,42.43347930908203
48401,2057,ssp585,ACCESS-CM2,45.107421875
48403,2057,ssp585,ACCESS-CM2,44.360748291015625
48405,2057,ssp585,ACCESS-CM2,44.53813171386719
48407,2057,ssp585,ACCESS-CM2,44.37400817871094
48409,2057,ssp585,ACCESS-CM2,42.76311111450195
48411,2057,ssp585,ACCESS-CM2,42.9263801574707
48413,2057,ssp585,ACCESS-CM2,41.38362121582031
48415,2057,ssp585,ACCESS-CM2,42.60406494140625
48417,2057,ssp585,ACCESS-CM2,42.74987030029297
48419,2057,ssp585,ACCESS-CM2,44.785667419433594
48421,2057,ssp585,ACCESS-CM2,43.80250549316406
48423,2057,ssp585,ACCESS-CM2,44.822418212890625
48425,2057,ssp585,ACCESS-CM2,43.9215087890625
48427,2057,ssp585,ACCESS-CM2,44.40299987792969
48429,2057,ssp585,ACCESS-CM2,43.3006591796875
48431,2057,ssp585,ACCESS-CM2,42.164894104003906
48433,2057,ssp585,ACCESS-CM2,42.64894104003906
48435,2057,ssp585,ACCESS-CM2,41.543235778808594
48437,2057,ssp585,ACCESS-CM2,43.59693908691406
48439,2057,ssp585,ACCESS-CM2,44.81194305419922
48441,2057,ssp585,ACCESS-CM2,41.79591369628906
48443,2057,ssp585,ACCESS-CM2,43.06278610229492
48445,2057,ssp585,ACCESS-CM2,43.58446502685547
48447,2057,ssp585,ACCESS-CM2,43.122039794921875
48449,2057,ssp585,ACCESS-CM2,44.498008728027344
48451,2057,ssp585,ACCESS-CM2,42.067283630371094
48453,2057,ssp585,ACCESS-CM2,44.58638000488281
48455,2057,ssp585,ACCESS-CM2,45.1991081237793
48457,2057,ssp585,ACCESS-CM2,44.22666931152344
48459,2057,ssp585,ACCESS-CM2,44.69139099121094
48461,2057,ssp585,ACCESS-CM2,42.63017654418945
48463,2057,ssp585,ACCESS-CM2,44.4119873046875
48465,2057,ssp585,ACCESS-CM2,42.86686325073242
48467,2057,ssp585,ACCESS-CM2,44.96443176269531
48469,2057,ssp585,ACCESS-CM2,42.610694885253906
48471,2057,ssp585,ACCESS-CM2,45.1407585144043
48473,2057,ssp585,ACCESS-CM2,44.810546875
48475,2057,ssp585,ACCESS-CM2,45.06208038330078
48477,2057,ssp585,ACCESS-CM2,45.77772521972656
48479,2057,ssp585,ACCESS-CM2,46.46424102783203
48481,2057,ssp585,ACCESS-CM2,44.27964782714844
48483,2057,ssp585,ACCESS-CM2,45.012054443359375
48485,2057,ssp585,ACCESS-CM2,44.11122131347656
48487,2057,ssp585,ACCESS-CM2,44.09061813354492
48489,2057,ssp585,ACCESS-CM2,42.092010498046875
48491,2057,ssp585,ACCESS-CM2,44.50080490112305
48493,2057,ssp585,ACCESS-CM2,45.01433181762695
48495,2057,ssp585,ACCESS-CM2,44.445648193359375
48497,2057,ssp585,ACCESS-CM2,44.526039123535156
48499,2057,ssp585,ACCESS-CM2,44.7552604675293
48501,2057,ssp585,ACCESS-CM2,43.41419982910156
48503,2057,ssp585,ACCESS-CM2,43.73091125488281
48505,2057,ssp585,ACCESS-CM2,44.56361389160156
48507,2057,ssp585,ACCESS-CM2,45.991119384765625
06001,2058,ssp585,ACCESS-CM2,34.96013259887695
06003,2058,ssp585,ACCESS-CM2,37.382118225097656
06005,2058,ssp585,ACCESS-CM2,43.10786056518555
06007,2058,ssp585,ACCESS-CM2,44.87373733520508
06009,2058,ssp585,ACCESS-CM2,45.52964782714844
06011,2058,ssp585,ACCESS-CM2,43.24605178833008
06013,2058,ssp585,ACCESS-CM2,37.10222244262695
06015,2058,ssp585,ACCESS-CM2,30.994102478027344
06017,2058,ssp585,ACCESS-CM2,42.53083419799805
06019,2058,ssp585,ACCESS-CM2,40.936283111572266
06021,2058,ssp585,ACCESS-CM2,41.96565246582031
06023,2058,ssp585,ACCESS-CM2,29.5941162109375
06025,2058,ssp585,ACCESS-CM2,50.13054656982422
06027,2058,ssp585,ACCESS-CM2,45.030181884765625
06029,2058,ssp585,ACCESS-CM2,40.868141174316406
06031,2058,ssp585,ACCESS-CM2,43.36761474609375
06033,2058,ssp585,ACCESS-CM2,39.274085998535156
06035,2058,ssp585,ACCESS-CM2,41.018577575683594
06037,2058,ssp585,ACCESS-CM2,34.9935188293457
06039,2058,ssp585,ACCESS-CM2,43.33881378173828
06041,2058,ssp585,ACCESS-CM2,34.1231689453125
06043,2058,ssp585,ACCESS-CM2,44.612056732177734
06045,2058,ssp585,ACCESS-CM2,35.60740661621094
06047,2058,ssp585,ACCESS-CM2,43.39765930175781
06049,2058,ssp585,ACCESS-CM2,41.3867073059082
06051,2058,ssp585,ACCESS-CM2,38.55561828613281
06053,2058,ssp585,ACCESS-CM2,33.396156311035156
06055,2058,ssp585,ACCESS-CM2,38.92375946044922
06057,2058,ssp585,ACCESS-CM2,41.5708122253418
06059,2058,ssp585,ACCESS-CM2,35.963165283203125
06061,2058,ssp585,ACCESS-CM2,42.80034255981445
06063,2058,ssp585,ACCESS-CM2,40.27229309082031
06065,2058,ssp585,ACCESS-CM2,44.8681526184082
06067,2058,ssp585,ACCESS-CM2,45.584320068359375
06069,2058,ssp585,ACCESS-CM2,36.54023361206055
06071,2058,ssp585,ACCESS-CM2,45.751808166503906
06073,2058,ssp585,ACCESS-CM2,38.25694274902344
06075,2058,ssp585,ACCESS-CM2,32.888336181640625
06077,2058,ssp585,ACCESS-CM2,44.198463439941406
06079,2058,ssp585,ACCESS-CM2,34.573848724365234
06081,2058,ssp585,ACCESS-CM2,30.27821922302246
06083,2058,ssp585,ACCESS-CM2,30.93509292602539
06085,2058,ssp585,ACCESS-CM2,34.23213195800781
06087,2058,ssp585,ACCESS-CM2,31.576263427734375
06089,2058,ssp585,ACCESS-CM2,42.75990295410156
06091,2058,ssp585,ACCESS-CM2,40.057830810546875
06093,2058,ssp585,ACCESS-CM2,37.763671875
06095,2058,ssp585,ACCESS-CM2,39.27436828613281
06097,2058,ssp585,ACCESS-CM2,36.83465576171875
06099,2058,ssp585,ACCESS-CM2,43.77191162109375
06101,2058,ssp585,ACCESS-CM2,45.50385665893555
06103,2058,ssp585,ACCESS-CM2,42.761474609375
06105,2058,ssp585,ACCESS-CM2,35.19333267211914
06107,2058,ssp585,ACCESS-CM2,40.997859954833984
06109,2058,ssp585,ACCESS-CM2,40.37053680419922
06111,2058,ssp585,ACCESS-CM2,32.28422546386719
06113,2058,ssp585,ACCESS-CM2,43.15024948120117
06115,2058,ssp585,ACCESS-CM2,46.786956787109375
48001,2058,ssp585,ACCESS-CM2,43.59160614013672
48003,2058,ssp585,ACCESS-CM2,43.932559967041016
48005,2058,ssp585,ACCESS-CM2,43.46669006347656
48007,2058,ssp585,ACCESS-CM2,40.1715087890625
48009,2058,ssp585,ACCESS-CM2,43.84672546386719
48011,2058,ssp585,ACCESS-CM2,41.61875534057617
48013,2058,ssp585,ACCESS-CM2,43.44120407104492
48015,2058,ssp585,ACCESS-CM2,42.89398193359375
48017,2058,ssp585,ACCESS-CM2,41.25862121582031
48019,2058,ssp585,ACCESS-CM2,42.36835861206055
48021,2058,ssp585,ACCESS-CM2,43.42479705810547
48023,2058,ssp585,ACCESS-CM2,43.4669189453125
48025,2058,ssp585,ACCESS-CM2,41.833251953125
48027,2058,ssp585,ACCESS-CM2,43.60826110839844
48029,2058,ssp585,ACCESS-CM2,43.114418029785156
48031,2058,ssp585,ACCESS-CM2,42.217803955078125
48033,2058,ssp585,ACCESS-CM2,43.41925048828125
48035,2058,ssp585,ACCESS-CM2,43.64837646484375
48037,2058,ssp585,ACCESS-CM2,43.423545837402344
48039,2058,ssp585,ACCESS-CM2,39.75972366333008
48041,2058,ssp585,ACCESS-CM2,43.890106201171875
48043,2058,ssp585,ACCESS-CM2,45.73863220214844
48045,2058,ssp585,ACCESS-CM2,42.00640869140625
48047,2058,ssp585,ACCESS-CM2,42.86114501953125
48049,2058,ssp585,ACCESS-CM2,42.738487243652344
48051,2058,ssp585,ACCESS-CM2,44.02260208129883
48053,2058,ssp585,ACCESS-CM2,42.85895538330078
48055,2058,ssp585,ACCESS-CM2,43.1717529296875
48057,2058,ssp585,ACCESS-CM2,40.6663703918457
48059,2058,ssp585,ACCESS-CM2,42.31739807128906
48061,2058,ssp585,ACCESS-CM2,40.61408615112305
48065,2058,ssp585,ACCESS-CM2,41.63679122924805
48067,2058,ssp585,ACCESS-CM2,43.37644577026367
48069,2058,ssp585,ACCESS-CM2,41.07698059082031
48071,2058,ssp585,ACCESS-CM2,40.20888137817383
48073,2058,ssp585,ACCESS-CM2,43.27546310424805
48075,2058,ssp585,ACCESS-CM2,43.44244384765625
48077,2058,ssp585,ACCESS-CM2,44.27629089355469
48079,2058,ssp585,ACCESS-CM2,41.45826721191406
48081,2058,ssp585,ACCESS-CM2,43.08404541015625
48083,2058,ssp585,ACCESS-CM2,42.627838134765625
48085,2058,ssp585,ACCESS-CM2,43.4811897277832
48087,2058,ssp585,ACCESS-CM2,42.80609130859375
48089,2058,ssp585,ACCESS-CM2,43.297515869140625
48091,2058,ssp585,ACCESS-CM2,42.40509033203125
48093,2058,ssp585,ACCESS-CM2,42.750579833984375
48095,2058,ssp585,ACCESS-CM2,42.44017028808594
48097,2058,ssp585,ACCESS-CM2,43.68730163574219
48099,2058,ssp585,ACCESS-CM2,43.50571823120117
48101,2058,ssp585,ACCESS-CM2,43.25463104248047
48103,2058,ssp585,ACCESS-CM2,44.7081298828125
48105,2058,ssp585,ACCESS-CM2,43.49945068359375
48107,2058,ssp585,ACCESS-CM2,42.16304016113281
48109,2058,ssp585,ACCESS-CM2,43.37067794799805
48111,2058,ssp585,ACCESS-CM2,40.89004898071289
48113,2058,ssp585,ACCESS-CM2,43.69380187988281
48115,2058,ssp585,ACCESS-CM2,43.49633026123047
48117,2058,ssp585,ACCESS-CM2,40.98209762573242
48119,2058,ssp585,ACCESS-CM2,42.779754638671875
48121,2058,ssp585,ACCESS-CM2,43.85636901855469
48123,2058,ssp585,ACCESS-CM2,42.42094802856445
48125,2058,ssp585,ACCESS-CM2,42.867523193359375
48127,2058,ssp585,ACCESS-CM2,44.75733184814453
48129,2058,ssp585,ACCESS-CM2,42.13298034667969
48131,2058,ssp585,ACCESS-CM2,43.03815841674805
48133,2058,ssp585,ACCESS-CM2,42.443878173828125
48135,2058,ssp585,ACCESS-CM2,44.30131530761719
48137,2058,ssp585,ACCESS-CM2,42.330665588378906
48139,2058,ssp585,ACCESS-CM2,43.64237594604492
48141,2058,ssp585,ACCESS-CM2,43.793212890625
48143,2058,ssp585,ACCESS-CM2,42.61431121826172
48145,2058,ssp585,ACCESS-CM2,43.87224197387695
48147,2058,ssp585,ACCESS-CM2,42.96599197387695
48149,2058,ssp585,ACCESS-CM2,43.52153015136719
48151,2058,ssp585,ACCESS-CM2,42.997413635253906
48153,2058,ssp585,ACCESS-CM2,41.798622131347656
48155,2058,ssp585,ACCESS-CM2,43.32847213745117
48157,2058,ssp585,ACCESS-CM2,41.33879089355469
48161,2058,ssp585,ACCESS-CM2,43.71179962158203
48163,2058,ssp585,ACCESS-CM2,44.145904541015625
48165,2058,ssp585,ACCESS-CM2,43.46195983886719
48167,2058,ssp585,ACCESS-CM2,39.923858642578125
48169,2058,ssp585,ACCESS-CM2,43.015281677246094
48171,2058,ssp585,ACCESS-CM2,41.73268508911133
48173,2058,ssp585,ACCESS-CM2,43.867706298828125
48175,2058,ssp585,ACCESS-CM2,41.79909133911133
48177,2058,ssp585,ACCESS-CM2,43.14478302001953
48179,2058,ssp585,ACCESS-CM2,42.13023376464844
48181,2058,ssp585,ACCESS-CM2,43.70073318481445
48183,2058,ssp585,ACCESS-CM2,43.12982177734375
48185,2058,ssp585,ACCESS-CM2,43.38391876220703
48187,2058,ssp585,ACCESS-CM2,42.99993896484375
48189,2058,ssp585,ACCESS-CM2,41.35905456542969
48191,2058,ssp585,ACCESS-CM2,43.089202880859375
48193,2058,ssp585,ACCESS-CM2,42.9296875
48195,2058,ssp585,ACCESS-CM2,42.18330383300781
48197,2058,ssp585,ACCESS-CM2,43.52384948730469
48199,2058,ssp585,ACCESS-CM2,42.00012969970703
48201,2058,ssp585,ACCESS-CM2,41.31114959716797
48203,2058,ssp585,ACCESS-CM2,43.34355926513672
48205,2058,ssp585,ACCESS-CM2,41.28527069091797
48207,2058,ssp585,ACCESS-CM2,43.03076171875
48209,2058,ssp585,ACCESS-CM2,42.509063720703125
48211,2058,ssp585,ACCESS-CM2,42.70271301269531
48213,2058,ssp585,ACCESS-CM2,43.2415771484375
48215,2058,ssp585,ACCESS-CM2,42.51382827758789
48217,2058,ssp585,ACCESS-CM2,43.891334533691406
48219,2058,ssp585,ACCESS-CM2,41.66883850097656
48221,2058,ssp585,ACCESS-CM2,43.36665344238281
48223,2058,ssp585,ACCESS-CM2,42.59608459472656
48225,2058,ssp585,ACCESS-CM2,43.54380416870117
48227,2058,ssp585,ACCESS-CM2,43.88359069824219
48229,2058,ssp585,ACCESS-CM2,43.183406829833984
48231,2058,ssp585,ACCESS-CM2,42.813720703125
48233,2058,ssp585,ACCESS-CM2,42.344329833984375
48235,2058,ssp585,ACCESS-CM2,43.01728820800781
48237,2058,ssp585,ACCESS-CM2,43.45629119873047
48239,2058,ssp585,ACCESS-CM2,41.71319580078125
48241,2058,ssp585,ACCESS-CM2,43.18560791015625
48243,2058,ssp585,ACCESS-CM2,43.347755432128906
48245,2058,ssp585,ACCESS-CM2,40.053199768066406
48247,2058,ssp585,ACCESS-CM2,43.308990478515625
48249,2058,ssp585,ACCESS-CM2,42.54119873046875
48251,2058,ssp585,ACCESS-CM2,43.509765625
48253,2058,ssp585,ACCESS-CM2,42.79328536987305
48255,2058,ssp585,ACCESS-CM2,42.61335754394531
48257,2058,ssp585,ACCESS-CM2,43.20375061035156
48259,2058,ssp585,ACCESS-CM2,41.81824493408203
48261,2058,ssp585,ACCESS-CM2,41.41896057128906
48263,2058,ssp585,ACCESS-CM2,43.241668701171875
48265,2058,ssp585,ACCESS-CM2,41.8067626953125
48267,2058,ssp585,ACCESS-CM2,41.9677848815918
48269,2058,ssp585,ACCESS-CM2,43.20579528808594
48271,2058,ssp585,ACCESS-CM2,44.18208694458008
48273,2058,ssp585,ACCESS-CM2,41.51190185546875
48275,2058,ssp585,ACCESS-CM2,43.28253173828125
48277,2058,ssp585,ACCESS-CM2,42.740325927734375
48279,2058,ssp585,ACCESS-CM2,41.35755157470703
48281,2058,ssp585,ACCESS-CM2,42.74543380737305
48283,2058,ssp585,ACCESS-CM2,44.146636962890625
48285,2058,ssp585,ACCESS-CM2,43.0446891784668
48287,2058,ssp585,ACCESS-CM2,43.709442138671875
48289,2058,ssp585,ACCESS-CM2,43.61913299560547
48291,2058,ssp585,ACCESS-CM2,41.79451370239258
48293,2058,ssp585,ACCESS-CM2,43.684356689453125
48295,2058,ssp585,ACCESS-CM2,42.704803466796875
48297,2058,ssp585,ACCESS-CM2,42.627685546875
48299,2058,ssp585,ACCESS-CM2,42.81849670410156
48301,2058,ssp585,ACCESS-CM2,44.6846809387207
48303,2058,ssp585,ACCESS-CM2,41.78562927246094
48305,2058,ssp585,ACCESS-CM2,42.40167999267578
48307,2058,ssp585,ACCESS-CM2,42.631065368652344
48309,2058,ssp585,ACCESS-CM2,43.85118865966797
48311,2058,ssp585,ACCESS-CM2,43.29068374633789
48313,2058,ssp585,ACCESS-CM2,43.62422180175781
48315,2058,ssp585,ACCESS-CM2,43.2557373046875
48317,2058,ssp585,ACCESS-CM2,44.21275329589844
48319,2058,ssp585,ACCESS-CM2,42.40144348144531
48321,2058,ssp585,ACCESS-CM2,40.125831604003906
48323,2058,ssp585,ACCESS-CM2,44.86943435668945
48325,2058,ssp585,ACCESS-CM2,43.74915313720703
48327,2058,ssp585,ACCESS-CM2,42.04864501953125
48329,2058,ssp585,ACCESS-CM2,44.57505798339844
48331,2058,ssp585,ACCESS-CM2,43.84673309326172
48333,2058,ssp585,ACCESS-CM2,42.52199172973633
48335,2058,ssp585,ACCESS-CM2,43.62469482421875
48337,2058,ssp585,ACCESS-CM2,43.85182571411133
48339,2058,ssp585,ACCESS-CM2,42.48164749145508
48341,2058,ssp585,ACCESS-CM2,41.817352294921875
48345,2058,ssp585,ACCESS-CM2,42.83256530761719
48347,2058,ssp585,ACCESS-CM2,43.49292755126953
48349,2058,ssp585,ACCESS-CM2,43.72388458251953
48351,2058,ssp585,ACCESS-CM2,43.07340621948242
48353,2058,ssp585,ACCESS-CM2,42.45592498779297
48355,2058,ssp585,ACCESS-CM2,41.29988479614258
48357,2058,ssp585,ACCESS-CM2,42.20214080810547
48359,2058,ssp585,ACCESS-CM2,41.753501892089844
48361,2058,ssp585,ACCESS-CM2,41.13739013671875
48363,2058,ssp585,ACCESS-CM2,43.295387268066406
48365,2058,ssp585,ACCESS-CM2,43.59425735473633
48367,2058,ssp585,ACCESS-CM2,43.30035400390625
48369,2058,ssp585,ACCESS-CM2,40.9539794921875
48371,2058,ssp585,ACCESS-CM2,44.62721633911133
48373,2058,ssp585,ACCESS-CM2,43.16417694091797
48375,2058,ssp585,ACCESS-CM2,41.78841018676758
48377,2058,ssp585,ACCESS-CM2,45.603004455566406
48379,2058,ssp585,ACCESS-CM2,42.639312744140625
48381,2058,ssp585,ACCESS-CM2,41.13795852661133
48383,2058,ssp585,ACCESS-CM2,43.69059753417969
48385,2058,ssp585,ACCESS-CM2,42.2275505065918
48387,2058,ssp585,ACCESS-CM2,42.93035888671875
48389,2058,ssp585,ACCESS-CM2,45.24067687988281
48391,2058,ssp585,ACCESS-CM2,40.81812286376953
48393,2058,ssp585,ACCESS-CM2,42.32903289794922
48395,2058,ssp585,ACCESS-CM2,43.89262771606445
48397,2058,ssp585,ACCESS-CM2,43.17669677734375
48399,2058,ssp585,ACCESS-CM2,42.89757537841797
48401,2058,ssp585,ACCESS-CM2,43.233726501464844
48403,2058,ssp585,ACCESS-CM2,43.612396240234375
48405,2058,ssp585,ACCESS-CM2,43.53401184082031
48407,2058,ssp585,ACCESS-CM2,42.801422119140625
48409,2058,ssp585,ACCESS-CM2,41.458953857421875
48411,2058,ssp585,ACCESS-CM2,42.74271774291992
48413,2058,ssp585,ACCESS-CM2,42.16563415527344
48415,2058,ssp585,ACCESS-CM2,43.119483947753906
48417,2058,ssp585,ACCESS-CM2,42.76228332519531
48419,2058,ssp585,ACCESS-CM2,43.73707580566406
48421,2058,ssp585,ACCESS-CM2,41.716861724853516
48423,2058,ssp585,ACCESS-CM2,42.837249755859375
48425,2058,ssp585,ACCESS-CM2,43.199920654296875
48427,2058,ssp585,ACCESS-CM2,43.83611297607422
48429,2058,ssp585,ACCESS-CM2,42.908355712890625
48431,2058,ssp585,ACCESS-CM2,43.25065612792969
48433,2058,ssp585,ACCESS-CM2,43.2557373046875
48435,2058,ssp585,ACCESS-CM2,42.169124603271484
48437,2058,ssp585,ACCESS-CM2,41.17017364501953
48439,2058,ssp585,ACCESS-CM2,43.76110076904297
48441,2058,ssp585,ACCESS-CM2,42.15553283691406
48443,2058,ssp585,ACCESS-CM2,45.02289581298828
48445,2058,ssp585,ACCESS-CM2,42.51044464111328
48447,2058,ssp585,ACCESS-CM2,43.05909729003906
48449,2058,ssp585,ACCESS-CM2,43.072364807128906
48451,2058,ssp585,ACCESS-CM2,42.71158218383789
48453,2058,ssp585,ACCESS-CM2,43.0963134765625
48455,2058,ssp585,ACCESS-CM2,43.36075973510742
48457,2058,ssp585,ACCESS-CM2,43.080352783203125
48459,2058,ssp585,ACCESS-CM2,42.854576110839844
48461,2058,ssp585,ACCESS-CM2,44.242549896240234
48463,2058,ssp585,ACCESS-CM2,43.94023513793945
48465,2058,ssp585,ACCESS-CM2,43.82658004760742
48467,2058,ssp585,ACCESS-CM2,42.85736083984375
48469,2058,ssp585,ACCESS-CM2,41.580322265625
48471,2058,ssp585,ACCESS-CM2,43.21726608276367
48473,2058,ssp585,ACCESS-CM2,42.7650260925293
48475,2058,ssp585,ACCESS-CM2,45.10149383544922
48477,2058,ssp585,ACCESS-CM2,43.639678955078125
48479,2058,ssp585,ACCESS-CM2,44.051307678222656
48481,2058,ssp585,ACCESS-CM2,41.96644592285156
48483,2058,ssp585,ACCESS-CM2,42.66943359375
48485,2058,ssp585,ACCESS-CM2,44.19013214111328
48487,2058,ssp585,ACCESS-CM2,43.85704803466797
48489,2058,ssp585,ACCESS-CM2,41.20257568359375
48491,2058,ssp585,ACCESS-CM2,43.24058151245117
48493,2058,ssp585,ACCESS-CM2,43.02411651611328
48495,2058,ssp585,ACCESS-CM2,44.47554016113281
48497,2058,ssp585,ACCESS-CM2,43.705047607421875
48499,2058,ssp585,ACCESS-CM2,42.6748046875
48501,2058,ssp585,ACCESS-CM2,42.195457458496094
48503,2058,ssp585,ACCESS-CM2,43.3544921875
48505,2058,ssp585,ACCESS-CM2,43.95469665527344
48507,2058,ssp585,ACCESS-CM2,44.72767639160156
06001,2059,ssp585,ACCESS-CM2,32.5533447265625
06003,2059,ssp585,ACCESS-CM2,35.11781692504883
06005,2059,ssp585,ACCESS-CM2,40.7087287902832
06007,2059,ssp585,ACCESS-CM2,43.77390670776367
06009,2059,ssp585,ACCESS-CM2,42.603050231933594
06011,2059,ssp585,ACCESS-CM2,41.18444061279297
06013,2059,ssp585,ACCESS-CM2,34.3692741394043
06015,2059,ssp585,ACCESS-CM2,30.99980926513672
06017,2059,ssp585,ACCESS-CM2,40.58041763305664
06019,2059,ssp585,ACCESS-CM2,38.20443344116211
06021,2059,ssp585,ACCESS-CM2,40.41185760498047
06023,2059,ssp585,ACCESS-CM2,29.364233016967773
06025,2059,ssp585,ACCESS-CM2,49.542877197265625
06027,2059,ssp585,ACCESS-CM2,43.49112319946289
06029,2059,ssp585,ACCESS-CM2,39.272735595703125
06031,2059,ssp585,ACCESS-CM2,41.08513259887695
06033,2059,ssp585,ACCESS-CM2,36.3863410949707
06035,2059,ssp585,ACCESS-CM2,40.46477508544922
06037,2059,ssp585,ACCESS-CM2,34.912296295166016
06039,2059,ssp585,ACCESS-CM2,40.46121597290039
06041,2059,ssp585,ACCESS-CM2,32.37689208984375
06043,2059,ssp585,ACCESS-CM2,41.53105163574219
06045,2059,ssp585,ACCESS-CM2,33.74858093261719
06047,2059,ssp585,ACCESS-CM2,40.53788757324219
06049,2059,ssp585,ACCESS-CM2,41.00258255004883
06051,2059,ssp585,ACCESS-CM2,35.75056076049805
06053,2059,ssp585,ACCESS-CM2,31.370376586914062
06055,2059,ssp585,ACCESS-CM2,35.71143341064453
06057,2059,ssp585,ACCESS-CM2,40.32064437866211
06059,2059,ssp585,ACCESS-CM2,36.52544403076172
06061,2059,ssp585,ACCESS-CM2,41.19743728637695
06063,2059,ssp585,ACCESS-CM2,39.52819061279297
06065,2059,ssp585,ACCESS-CM2,44.30535125732422
06067,2059,ssp585,ACCESS-CM2,42.86250686645508
06069,2059,ssp585,ACCESS-CM2,34.03358840942383
06071,2059,ssp585,ACCESS-CM2,44.885555267333984
06073,2059,ssp585,ACCESS-CM2,38.44065856933594
06075,2059,ssp585,ACCESS-CM2,31.6785888671875
06077,2059,ssp585,ACCESS-CM2,41.08656692504883
06079,2059,ssp585,ACCESS-CM2,33.10757827758789
06081,2059,ssp585,ACCESS-CM2,29.888946533203125
06083,2059,ssp585,ACCESS-CM2,30.802366256713867
06085,2059,ssp585,ACCESS-CM2,31.83538246154785
06087,2059,ssp585,ACCESS-CM2,30.17620849609375
06089,2059,ssp585,ACCESS-CM2,42.82039260864258
06091,2059,ssp585,ACCESS-CM2,38.972869873046875
06093,2059,ssp585,ACCESS-CM2,38.12092208862305
06095,2059,ssp585,ACCESS-CM2,36.26637268066406
06097,2059,ssp585,ACCESS-CM2,33.95185852050781
06099,2059,ssp585,ACCESS-CM2,40.836849212646484
06101,2059,ssp585,ACCESS-CM2,43.4990348815918
06103,2059,ssp585,ACCESS-CM2,42.13661575317383
06105,2059,ssp585,ACCESS-CM2,35.08530044555664
06107,2059,ssp585,ACCESS-CM2,38.493804931640625
06109,2059,ssp585,ACCESS-CM2,37.479434967041016
06111,2059,ssp585,ACCESS-CM2,32.12785339355469
06113,2059,ssp585,ACCESS-CM2,40.37976837158203
06115,2059,ssp585,ACCESS-CM2,45.113006591796875
48001,2059,ssp585,ACCESS-CM2,43.93475341796875
48003,2059,ssp585,ACCESS-CM2,43.95243453979492
48005,2059,ssp585,ACCESS-CM2,42.98400115966797
48007,2059,ssp585,ACCESS-CM2,39.947174072265625
48009,2059,ssp585,ACCESS-CM2,43.37806701660156
48011,2059,ssp585,ACCESS-CM2,38.81074142456055
48013,2059,ssp585,ACCESS-CM2,43.7365837097168
48015,2059,ssp585,ACCESS-CM2,43.04205322265625
48017,2059,ssp585,ACCESS-CM2,40.83088684082031
48019,2059,ssp585,ACCESS-CM2,42.03499221801758
48021,2059,ssp585,ACCESS-CM2,43.971710205078125
48023,2059,ssp585,ACCESS-CM2,42.49699401855469
48025,2059,ssp585,ACCESS-CM2,41.541595458984375
48027,2059,ssp585,ACCESS-CM2,43.90147399902344
48029,2059,ssp585,ACCESS-CM2,43.44550323486328
48031,2059,ssp585,ACCESS-CM2,42.57841491699219
48033,2059,ssp585,ACCESS-CM2,43.00773620605469
48035,2059,ssp585,ACCESS-CM2,43.487770080566406
48037,2059,ssp585,ACCESS-CM2,42.528411865234375
48039,2059,ssp585,ACCESS-CM2,38.79826736450195
48041,2059,ssp585,ACCESS-CM2,44.783905029296875
48043,2059,ssp585,ACCESS-CM2,45.907470703125
48045,2059,ssp585,ACCESS-CM2,39.37934112548828
48047,2059,ssp585,ACCESS-CM2,43.00335693359375
48049,2059,ssp585,ACCESS-CM2,42.501617431640625
48051,2059,ssp585,ACCESS-CM2,44.832366943359375
48053,2059,ssp585,ACCESS-CM2,42.950172424316406
48055,2059,ssp585,ACCESS-CM2,43.81260681152344
48057,2059,ssp585,ACCESS-CM2,39.99599075317383
48059,2059,ssp585,ACCESS-CM2,41.79391860961914
48061,2059,ssp585,ACCESS-CM2,40.651283264160156
48065,2059,ssp585,ACCESS-CM2,38.490386962890625
48067,2059,ssp585,ACCESS-CM2,42.701446533203125
48069,2059,ssp585,ACCESS-CM2,39.611167907714844
48071,2059,ssp585,ACCESS-CM2,39.04616165161133
48073,2059,ssp585,ACCESS-CM2,43.52587890625
48075,2059,ssp585,ACCESS-CM2,40.612998962402344
48077,2059,ssp585,ACCESS-CM2,43.53813552856445
48079,2059,ssp585,ACCESS-CM2,41.38725280761719
48081,2059,ssp585,ACCESS-CM2,42.964111328125
48083,2059,ssp585,ACCESS-CM2,42.093963623046875
48085,2059,ssp585,ACCESS-CM2,42.5510368347168
48087,2059,ssp585,ACCESS-CM2,40.067909240722656
48089,2059,ssp585,ACCESS-CM2,43.586639404296875
48091,2059,ssp585,ACCESS-CM2,43.02503967285156
48093,2059,ssp585,ACCESS-CM2,42.86159133911133
48095,2059,ssp585,ACCESS-CM2,42.194007873535156
48097,2059,ssp585,ACCESS-CM2,42.5322265625
48099,2059,ssp585,ACCESS-CM2,43.59649658203125
48101,2059,ssp585,ACCESS-CM2,40.71025085449219
48103,2059,ssp585,ACCESS-CM2,44.42973709106445
48105,2059,ssp585,ACCESS-CM2,43.22978210449219
48107,2059,ssp585,ACCESS-CM2,40.923797607421875
48109,2059,ssp585,ACCESS-CM2,44.50522232055664
48111,2059,ssp585,ACCESS-CM2,38.020477294921875
48113,2059,ssp585,ACCESS-CM2,43.08580780029297
48115,2059,ssp585,ACCESS-CM2,43.34649658203125
48117,2059,ssp585,ACCESS-CM2,38.92928695678711
48119,2059,ssp585,ACCESS-CM2,42.63594055175781
48121,2059,ssp585,ACCESS-CM2,42.88309097290039
48123,2059,ssp585,ACCESS-CM2,42.43867111206055
48125,2059,ssp585,ACCESS-CM2,40.9521484375
48127,2059,ssp585,ACCESS-CM2,45.155784606933594
48129,2059,ssp585,ACCESS-CM2,39.35283660888672
48131,2059,ssp585,ACCESS-CM2,43.05879211425781
48133,2059,ssp585,ACCESS-CM2,42.5042724609375
48135,2059,ssp585,ACCESS-CM2,44.335205078125
48137,2059,ssp585,ACCESS-CM2,42.600399017333984
48139,2059,ssp585,ACCESS-CM2,43.44771194458008
48141,2059,ssp585,ACCESS-CM2,44.697113037109375
48143,2059,ssp585,ACCESS-CM2,42.889015197753906
48145,2059,ssp585,ACCESS-CM2,44.44096755981445
48147,2059,ssp585,ACCESS-CM2,42.22447967529297
48149,2059,ssp585,ACCESS-CM2,43.99705505371094
48151,2059,ssp585,ACCESS-CM2,41.688453674316406
48153,2059,ssp585,ACCESS-CM2,39.94721984863281
48155,2059,ssp585,ACCESS-CM2,41.6273193359375
48157,2059,ssp585,ACCESS-CM2,40.8792724609375
48161,2059,ssp585,ACCESS-CM2,44.22779846191406
48163,2059,ssp585,ACCESS-CM2,43.90998458862305
48165,2059,ssp585,ACCESS-CM2,43.45659255981445
48167,2059,ssp585,ACCESS-CM2,39.156158447265625
48169,2059,ssp585,ACCESS-CM2,42.38947296142578
48171,2059,ssp585,ACCESS-CM2,41.5745735168457
48173,2059,ssp585,ACCESS-CM2,43.24684143066406
48175,2059,ssp585,ACCESS-CM2,41.426788330078125
48177,2059,ssp585,ACCESS-CM2,43.64882278442383
48179,2059,ssp585,ACCESS-CM2,39.12162780761719
48181,2059,ssp585,ACCESS-CM2,42.41672897338867
48183,2059,ssp585,ACCESS-CM2,43.251800537109375
48185,2059,ssp585,ACCESS-CM2,43.99559783935547
48187,2059,ssp585,ACCESS-CM2,43.74334716796875
48189,2059,ssp585,ACCESS-CM2,40.273651123046875
48191,2059,ssp585,ACCESS-CM2,40.17926025390625
48193,2059,ssp585,ACCESS-CM2,42.992408752441406
48195,2059,ssp585,ACCESS-CM2,39.11543273925781
48197,2059,ssp585,ACCESS-CM2,41.538848876953125
48199,2059,ssp585,ACCESS-CM2,40.53340148925781
48201,2059,ssp585,ACCESS-CM2,40.70464324951172
48203,2059,ssp585,ACCESS-CM2,43.004302978515625
48205,2059,ssp585,ACCESS-CM2,38.358863830566406
48207,2059,ssp585,ACCESS-CM2,41.942604064941406
48209,2059,ssp585,ACCESS-CM2,43.07566833496094
48211,2059,ssp585,ACCESS-CM2,39.5634765625
48213,2059,ssp585,ACCESS-CM2,43.57466125488281
48215,2059,ssp585,ACCESS-CM2,42.80771255493164
48217,2059,ssp585,ACCESS-CM2,43.714111328125
48219,2059,ssp585,ACCESS-CM2,41.368499755859375
48221,2059,ssp585,ACCESS-CM2,43.31480407714844
48223,2059,ssp585,ACCESS-CM2,42.704010009765625
48225,2059,ssp585,ACCESS-CM2,43.790443420410156
48227,2059,ssp585,ACCESS-CM2,43.149696350097656
48229,2059,ssp585,ACCESS-CM2,44.694557189941406
48231,2059,ssp585,ACCESS-CM2,42.64253234863281
48233,2059,ssp585,ACCESS-CM2,39.093658447265625
48235,2059,ssp585,ACCESS-CM2,42.70252990722656
48237,2059,ssp585,ACCESS-CM2,45.19757080078125
48239,2059,ssp585,ACCESS-CM2,41.101318359375
48241,2059,ssp585,ACCESS-CM2,41.68878173828125
48243,2059,ssp585,ACCESS-CM2,44.34095764160156
48245,2059,ssp585,ACCESS-CM2,38.64072799682617
48247,2059,ssp585,ACCESS-CM2,43.034339904785156
48249,2059,ssp585,ACCESS-CM2,42.53460693359375
48251,2059,ssp585,ACCESS-CM2,43.137939453125
48253,2059,ssp585,ACCESS-CM2,41.78788375854492
48255,2059,ssp585,ACCESS-CM2,42.90321350097656
48257,2059,ssp585,ACCESS-CM2,43.38060760498047
48259,2059,ssp585,ACCESS-CM2,41.90918731689453
48261,2059,ssp585,ACCESS-CM2,41.37193298339844
48263,2059,ssp585,ACCESS-CM2,42.01781463623047
48265,2059,ssp585,ACCESS-CM2,41.453956604003906
48267,2059,ssp585,ACCESS-CM2,41.8251953125
48269,2059,ssp585,ACCESS-CM2,40.94465637207031
48271,2059,ssp585,ACCESS-CM2,44.6334342956543
48273,2059,ssp585,ACCESS-CM2,41.227142333984375
48275,2059,ssp585,ACCESS-CM2,41.92085266113281
48277,2059,ssp585,ACCESS-CM2,42.20316696166992
48279,2059,ssp585,ACCESS-CM2,40.63695526123047
48281,2059,ssp585,ACCESS-CM2,42.88051223754883
48283,2059,ssp585,ACCESS-CM2,44.12321472167969
48285,2059,ssp585,ACCESS-CM2,43.25850296020508
48287,2059,ssp585,ACCESS-CM2,44.3615608215332
48289,2059,ssp585,ACCESS-CM2,44.261749267578125
48291,2059,ssp585,ACCESS-CM2,40.6811637878418
48293,2059,ssp585,ACCESS-CM2,44.359527587890625
48295,2059,ssp585,ACCESS-CM2,39.381378173828125
48297,2059,ssp585,ACCESS-CM2,42.65171432495117
48299,2059,ssp585,ACCESS-CM2,42.62560272216797
48301,2059,ssp585,ACCESS-CM2,45.19541549682617
48303,2059,ssp585,ACCESS-CM2,41.19978332519531
48305,2059,ssp585,ACCESS-CM2,42.195274353027344
48307,2059,ssp585,ACCESS-CM2,42.125099182128906
48309,2059,ssp585,ACCESS-CM2,44.0721321105957
48311,2059,ssp585,ACCESS-CM2,43.47072982788086
48313,2059,ssp585,ACCESS-CM2,44.35826110839844
48315,2059,ssp585,ACCESS-CM2,42.87117385864258
48317,2059,ssp585,ACCESS-CM2,43.82239532470703
48319,2059,ssp585,ACCESS-CM2,41.940223693847656
48321,2059,ssp585,ACCESS-CM2,39.262718200683594
48323,2059,ssp585,ACCESS-CM2,45.51997756958008
48325,2059,ssp585,ACCESS-CM2,43.358482360839844
48327,2059,ssp585,ACCESS-CM2,41.88722229003906
48329,2059,ssp585,ACCESS-CM2,44.18534851074219
48331,2059,ssp585,ACCESS-CM2,44.588844299316406
48333,2059,ssp585,ACCESS-CM2,42.591644287109375
48335,2059,ssp585,ACCESS-CM2,42.61785888671875
48337,2059,ssp585,ACCESS-CM2,42.933746337890625
48339,2059,ssp585,ACCESS-CM2,42.27128982543945
48341,2059,ssp585,ACCESS-CM2,38.56585693359375
48345,2059,ssp585,ACCESS-CM2,40.28068542480469
48347,2059,ssp585,ACCESS-CM2,43.14508819580078
48349,2059,ssp585,ACCESS-CM2,43.98987579345703
48351,2059,ssp585,ACCESS-CM2,41.30042266845703
48353,2059,ssp585,ACCESS-CM2,41.567298889160156
48355,2059,ssp585,ACCESS-CM2,40.93097686767578
48357,2059,ssp585,ACCESS-CM2,39.126853942871094
48359,2059,ssp585,ACCESS-CM2,38.874427795410156
48361,2059,ssp585,ACCESS-CM2,39.448333740234375
48363,2059,ssp585,ACCESS-CM2,44.28760528564453
48365,2059,ssp585,ACCESS-CM2,43.064605712890625
48367,2059,ssp585,ACCESS-CM2,43.37836456298828
48369,2059,ssp585,ACCESS-CM2,39.951011657714844
48371,2059,ssp585,ACCESS-CM2,44.45402526855469
48373,2059,ssp585,ACCESS-CM2,42.461700439453125
48375,2059,ssp585,ACCESS-CM2,38.60760498046875
48377,2059,ssp585,ACCESS-CM2,46.38435363769531
48379,2059,ssp585,ACCESS-CM2,42.89691162109375
48381,2059,ssp585,ACCESS-CM2,38.27579879760742
48383,2059,ssp585,ACCESS-CM2,43.023193359375
48385,2059,ssp585,ACCESS-CM2,42.2297248840332
48387,2059,ssp585,ACCESS-CM2,42.2501220703125
48389,2059,ssp585,ACCESS-CM2,45.88808822631836
48391,2059,ssp585,ACCESS-CM2,40.321266174316406
48393,2059,ssp585,ACCESS-CM2,39.112823486328125
48395,2059,ssp585,ACCESS-CM2,44.72333908081055
48397,2059,ssp585,ACCESS-CM2,42.858612060546875
48399,2059,ssp585,ACCESS-CM2,42.80726623535156
48401,2059,ssp585,ACCESS-CM2,43.368247985839844
48403,2059,ssp585,ACCESS-CM2,42.24200439453125
48405,2059,ssp585,ACCESS-CM2,42.37065124511719
48407,2059,ssp585,ACCESS-CM2,42.25590515136719
48409,2059,ssp585,ACCESS-CM2,41.2080078125
48411,2059,ssp585,ACCESS-CM2,42.622589111328125
48413,2059,ssp585,ACCESS-CM2,42.22404479980469
48415,2059,ssp585,ACCESS-CM2,42.25151824951172
48417,2059,ssp585,ACCESS-CM2,42.48445129394531
48419,2059,ssp585,ACCESS-CM2,42.96515655517578
48421,2059,ssp585,ACCESS-CM2,38.646236419677734
48423,2059,ssp585,ACCESS-CM2,43.10356140136719
48425,2059,ssp585,ACCESS-CM2,43.183929443359375
48427,2059,ssp585,ACCESS-CM2,43.45018768310547
48429,2059,ssp585,ACCESS-CM2,43.558555603027344
48431,2059,ssp585,ACCESS-CM2,42.74761199951172
48433,2059,ssp585,ACCESS-CM2,41.53990173339844
48435,2059,ssp585,ACCESS-CM2,42.32895278930664
48437,2059,ssp585,ACCESS-CM2,39.21417999267578
48439,2059,ssp585,ACCESS-CM2,43.11589813232422
48441,2059,ssp585,ACCESS-CM2,41.575889587402344
48443,2059,ssp585,ACCESS-CM2,44.6286735534668
48445,2059,ssp585,ACCESS-CM2,42.37181091308594
48447,2059,ssp585,ACCESS-CM2,42.82257843017578
48449,2059,ssp585,ACCESS-CM2,42.73789978027344
48451,2059,ssp585,ACCESS-CM2,42.710227966308594
48453,2059,ssp585,ACCESS-CM2,43.53675842285156
48455,2059,ssp585,ACCESS-CM2,43.27390670776367
48457,2059,ssp585,ACCESS-CM2,41.87744140625
48459,2059,ssp585,ACCESS-CM2,43.003814697265625
48461,2059,ssp585,ACCESS-CM2,43.578857421875
48463,2059,ssp585,ACCESS-CM2,43.90167999267578
48465,2059,ssp585,ACCESS-CM2,44.16480255126953
48467,2059,ssp585,ACCESS-CM2,43.14366149902344
48469,2059,ssp585,ACCESS-CM2,40.903053283691406
48471,2059,ssp585,ACCESS-CM2,43.42094802856445
48473,2059,ssp585,ACCESS-CM2,42.91789627075195
48475,2059,ssp585,ACCESS-CM2,45.44268035888672
48477,2059,ssp585,ACCESS-CM2,44.194854736328125
48479,2059,ssp585,ACCESS-CM2,44.2352294921875
48481,2059,ssp585,ACCESS-CM2,41.63325500488281
48483,2059,ssp585,ACCESS-CM2,39.78880310058594
48485,2059,ssp585,ACCESS-CM2,42.94348907470703
48487,2059,ssp585,ACCESS-CM2,42.40629959106445
48489,2059,ssp585,ACCESS-CM2,41.34161376953125
48491,2059,ssp585,ACCESS-CM2,43.61005783081055
48493,2059,ssp585,ACCESS-CM2,43.631317138671875
48495,2059,ssp585,ACCESS-CM2,44.85638427734375
48497,2059,ssp585,ACCESS-CM2,44.13194274902344
48499,2059,ssp585,ACCESS-CM2,42.92805099487305
48501,2059,ssp585,ACCESS-CM2,42.241111755371094
48503,2059,ssp585,ACCESS-CM2,44.62162780761719
48505,2059,ssp585,ACCESS-CM2,44.173370361328125
48507,2059,ssp585,ACCESS-CM2,44.872039794921875
